Workbook

Sheet metadata
A1: summary
A2: scenario | B2: Evolutionary scenario (Q matrix) we used to simulate traits X and Y
A3: matrix | B3: Matrix name designation, as in the manuscript
B4: Q1 - ER.L: Independent, equal rates; low rates
B5: Q2 - ER.M: Independent, equal rates; medium rates
B6: Q3 - ER.H: Independent, equal rates; high rates
B7: Q4 - DR.LM: Independent, directional rates; low loss, medium gain
B8: Q5 - DR.LH: Independent, directional rates; low loss, high gain
B9: Q6 - DR.MH: Independent, directional rates; medium loss, high gain
B10: Q7 - DEP1.L: Low dependency, low rates
B11: Q8 - DEP1.M: Low dependency, medium rates
B12: Q9 - DEP1.H: Low dependency, high rates
B13: Q10 - DEP2.L: High dependency, low rates
B14: Q11 - DEP2.M: High dependency, medium rates
B15: Q12 - DEP2.H: High dependency, high rates
B16: random: traits X and Y were generated randomly, disregarding the tree
A17: test.00 | B17: Count of the test taxon with X = 0 and Y = 0 across the 1,000 trials
A18: test.01 | B18: Count of the test taxon with X = 0 and Y = 1 across the 1,000 trials
A19: test.10 | B19: Count of the test taxon with X = 1 and Y = 0 across the 1,000 trials
A20: test.11 | B20: Count of the test taxon with X = 1 and Y = 1 across the 1,000 trials
A21: terminal.std.med | B21: Median standardized terminal branch length of the 1,000 test taxa
A22: acc.bb | B22: Accuracy of the Bayesian Beta-Binomial prediction method
A23: acc.nb | B23: Accuracy of the Naive Bayes prediction method
A24: acc.ind.b | B24: Accuracy of the MCMC-Discrete-Independent (BayesTraits) prediction method
A25: acc.dep.b | B25: Accuracy of the MCMC-Discrete-Dependent (BayesTraits) prediction method
A26: acc.ind.rj | B26: Accuracy of the RJMCMC-Discrete-Independent (BayesTraits) prediction method
A27: acc.dep.rj | B27: Accuracy of the RJMCMC-Discrete-Dependent (BayesTraits) prediction method
B28: Color: 0
B29: Color: 0.5
B30: Color: 1
A31: mll.bb | B31: Median log loss of the Bayesian Beta-Binomial prediction method
A32: mll.nb | B32: Median log loss of the Naive Bayes prediction method
A33: mll.ind.b | B33: Median log loss of the MCMC-Discrete-Independent (BayesTraits) prediction method
A34: mll.dep.b | B34: Median log loss of the MCMC-Discrete-Dependent (BayesTraits) prediction method
A35: mll.ind.rj | B35: Median log loss of the RJMCMC-Discrete-Independent (BayesTraits) prediction method
A36: mll.dep.rj | B36: Median log loss of the RJMCMC-Discrete-Dependent (BayesTraits) prediction method
B37: Color: Log-loss = 2.302585 [equivalent to predicted P(Y=1) = 0.1, when the true state of trait Y of the test taxon is 1, or vice versa]
B38: Color: Log-loss = 0.6931472 [equivalent to predicted P(Y=1) = 0.5]
B39: Color: Log-loss = 0.1053605 [equivalent to predicted P(Y=1) = 0.1, when the true state of trait Y of the test taxon is 0, or vice versa]
A41: ER.L-random
A42: trial | B42: Trial number
A43: taxon | B43: Test taxon (the target taxon or the taxon that was being predicted)
A44: x | B44: True state of trait X of the test taxon
A45: y | B45: True state of trait Y of the test taxon
A46: xy | B46: Concatenated states of trait X and trait Y of the test taxon
B47: Color: 00
B48: Color: 01
B49: Color: 10
B50: Color: 11
A51: terminal | B51: Terminal branch length of the test taxon
A52: height | B52: Tree height (maximum root-to-tip distance)
A53: terminal.std | B53: Standardized terminal branch length (terminal branch length / tree height) [ranges from 0 to 1]
B54: Color: Maximum standardized terminal branch length
B55: Color: Median standardized terminal branch length
B56: Color: Minimum standardized terminal branch length
A57: p.bb | B57: Predicted probability of Y = 1 in the test taxon, coming from the Bayesian Beta-Binomial model
A58: p.nb | B58: Predicted probability of Y = 1 in the test taxon, coming from the Naive Bayes method
A59: p.ind.b | B59: Predicted probability of Y = 1 in the test taxon, coming from the MCMC-Discrete-Independent method (BayesTraits)
A60: p.dep.b | B60: Predicted probability of Y = 1 in the test taxon, coming from the MCMC-Discrete-Dependent method (BayesTraits)
A61: p.ind.rj | B61: Predicted probability of Y = 1 in the test taxon, coming from the RJMCMC-Discrete-Independent method (BayesTraits)
A62: p.dep.rj | B62: Predicted probability of Y = 1 in the test taxon, coming from the RJMCMC-Discrete-Dependent method (BayesTraits)
A63: c.bb | B63: 100: Correct prediction, 0: Incorrect prediction (correct if predicted probability from the Bayesian Beta-Binomial model > 0.5 when the true Y = 1 OR < 0.5 when the true Y = 0)
A64: c.nb | B64: 100: Correct prediction, 0: Incorrect prediction (correct if predicted probability from the Naive Bayes method > 0.5 when the true Y = 1 OR < 0.5 when the true Y = 0)
A65: c.ind.b | B65: 100: Correct prediction, 0: Incorrect prediction (correct if predicted probability from the MCMC-Discrete-Independent method (BayesTraits) > 0.5 when the true Y = 1 OR < 0.5 when the true Y = 0)
A66: c.dep.b | B66: 100: Correct prediction, 0: Incorrect prediction (correct if predicted probability from the MCMC-Discrete-Dependent method > 0.5 (BayesTraits) when the true Y = 1 OR < 0.5 when the true Y = 0)
A67: c.ind.rj | B67: 100: Correct prediction, 0: Incorrect prediction (correct if predicted probability from the RJMCMC-Discrete-Independent method (BayesTraits) > 0.5 when the true Y = 1 OR < 0.5 when the true Y = 0)
A68: c.dep.rj | B68: 100: Correct prediction, 0: Incorrect prediction (correct if predicted probability from the RJMCMC-Discrete-Dependent method (BayesTraits) > 0.5 when the true Y = 1 OR < 0.5 when the true Y = 0)
... A74: ll.dep.rj | B74: Log loss of the RJMCMC-Discrete-Dependent (BayesTraits) prediction
B75: Color: Log-loss = 2.302585 [equivalent to predicted P(Y=1) = 0.1, when the true state of trait Y of the test taxon is 1, or vice versa]
B76: Color: Log-loss = 0.6931472 [equivalent to predicted P(Y=1) = 0.5]
B77: Color: Log-loss = 0.1053605 [equivalent to predicted P(Y=1) = 0.1, when the true state of trait Y of the test taxon is 0, or vice versa]

Sheet summary
A1: ALL
A2: scenario | B2: matrix | C2: test.00 | D2: test.01 | E2: test.10 | F2: test.11 | G2: terminal.std.med | I2: acc.bb | J2: acc.nb | K2: acc.ind | L2: acc.dep | M2: acc.ind.rj | N2: acc.dep.rj | P2: mll.bb | Q2: mll.nb | R2: mll.ind | S2: mll.dep | T2: mll.ind.rj | U2: mll.dep.rj
A3: ER.L | B3: Q1 | C3: =COUNTIF(ER.L!E2:E1001,"00") -> 305 | D3: =COUNTIF(ER.L!E2:E1001,"01") -> 195 | E3: =COUNTIF(ER.L!E2:E1001,"10") -> 300 | F3: =COUNTIF(ER.L!E2:E1001,"11") -> 200 | G3: =MEDIAN(ER.L!H2:H1001) -> 0.082413826 | I3: =COUNTIF(ER.L!O2:O1001,100)/1000 -> 0.65 | J3: =COUNTIF(ER.L!P2:P1001,100)/1000 -> 0.668 | K3: =COUNTIF(ER.L!Q2:Q1001,100)/1000 -> 0.903 | L3: =COUNTIF(ER.L!R2:R1001,100)/1000 -> 0.886 | M3: =COUNTIF(ER.L!S2:S1001,100)/1000 -> 0.903 | N3: =COUNTIF(ER.L!T2:T1001,100)/1000 -> 0.899 | P3: =MEDIAN(ER.L!U2:U1001) -> 0.53358297 | Q3: =MEDIAN(ER.L!V2:V1001) -> 0.50259776 | R3: =MEDIAN(ER.L!W2:W1001) -> 0.091019398 | S3: =MEDIAN(ER.L!X2:X1001) -> 0.11037321 | T3: =MEDIAN(ER.L!Y2:Y1001) -> 0.075801713 | U3: =MEDIAN(ER.L!Z2:Z1001) -> 0.072570693
A4: ER.M | B4: Q2 | C4: =COUNTIF(ER.M!E2:E1001,"00") -> 236 | D4: =COUNTIF(ER.M!E2:E1001,"01") -> 264 | E4: =COUNTIF(ER.M!E2:E1001,"10") -> 272 | F4: =COUNTIF(ER.M!E2:E1001,"11") -> 228 | G4: =MEDIAN(ER.M!H2:H1001) -> 0.082904086 | I4: =COUNTIF(ER.M!O2:O1001,100)/1000 -> 0.541 | J4: =COUNTIF(ER.M!P2:P1001,100)/1000 -> 0.507 | K4: =COUNTIF(ER.M!Q2:Q1001,100)/1000 -> 0.778 | L4: =COUNTIF(ER.M!R2:R1001,100)/1000 -> 0.763 | M4: =COUNTIF(ER.M!S2:S1001,100)/1000 -> 0.786 | N4: =COUNTIF(ER.M!T2:T1001,100)/1000 -> 0.773 | P4: =MEDIAN(ER.M!U2:U1001) -> 0.67727383 | Q4: =MEDIAN(ER.M!V2:V1001) -> 0.67479186 | R4: =MEDIAN(ER.M!W2:W1001) -> 0.30788478 | S4: =MEDIAN(ER.M!X2:X1001) -> 0.37469371 | T4: =MEDIAN(ER.M!Y2:Y1001) -> 0.27246532 | U4: =MEDIAN(ER.M!Z2:Z1001) -> 0.2757535
A5: ER.H | B5: Q3 | C5: =COUNTIF(ER.H!E2:E1001,"00") -> 235 | D5: =COUNTIF(ER.H!E2:E1001,"01") -> 265 | E5: =COUNTIF(ER.H!E2:E1001,"10") -> 266 | F5: =COUNTIF(ER.H!E2:E1001,"11") -> 234 | G5: =MEDIAN(ER.H!H2:H1001) -> 0.082158161 | I5: =COUNTIF(ER.H!O2:O1001,100)/1000 -> 0.523 | J5: =COUNTIF(ER.H!P2:P1001,100)/1000 -> 0.494 | K5: =COUNTIF(ER.H!Q2:Q1001,100)/1000 -> 0.688 | L5: =COUNTIF(ER.H!R2:R1001,100)/1000 -> 0.66 | M5: =COUNTIF(ER.H!S2:S1001,100)/1000 -> 0.7 | N5: =COUNTIF(ER.H!T2:T1001,100)/1000 -> 0.668 | P5: =MEDIAN(ER.H!U2:U1001) -> 0.68716511 | Q5: =MEDIAN(ER.H!V2:V1001) -> 0.69314718 | R5: =MEDIAN(ER.H!W2:W1001) -> 0.55512588 | S5: =MEDIAN(ER.H!X2:X1001) -> 0.57536454 | T5: =MEDIAN(ER.H!Y2:Y1001) -> 0.55164762 | U5: =MEDIAN(ER.H!Z2:Z1001) -> 0.5464528
A6: DR.LM | B6: Q4 | C6: =COUNTIF(DR.LM!E2:E1001,"00") -> 190 | D6: =COUNTIF(DR.LM!E2:E1001,"01") -> 310 | E6: =COUNTIF(DR.LM!E2:E1001,"10") -> 192 | F6: =COUNTIF(DR.LM!E2:E1001,"11") -> 308 | G6: =MEDIAN(DR.LM!H2:H1001) -> 0.088567089 | I6: =COUNTIF(DR.LM!O2:O1001,100)/1000 -> 0.625 | J6: =COUNTIF(DR.LM!P2:P1001,100)/1000 -> 0.616 | K6: =COUNTIF(DR.LM!Q2:Q1001,100)/1000 -> 0.824 | L6: =COUNTIF(DR.LM!R2:R1001,100)/1000 -> 0.81 | M6: =COUNTIF(DR.LM!S2:S1001,100)/1000 -> 0.835 | N6: =COUNTIF(DR.LM!T2:T1001,100)/1000 -> 0.838 | P6: =MEDIAN(DR.LM!U2:U1001) -> 0.54472718 | Q6: =MEDIAN(DR.LM!V2:V1001) -> 0.53408249 | R6: =MEDIAN(DR.LM!W2:W1001) -> 0.15723895 | S6: =MEDIAN(DR.LM!X2:X1001) -> 0.18092272 | T6: =MEDIAN(DR.LM!Y2:Y1001) -> 0.1346749 | U6: =MEDIAN(DR.LM!Z2:Z1001) -> 0.12897038
A7: DR.LH | B7: Q5 | C7: =COUNTIF(DR.LH!E2:E1001,"00") -> 93 | D7: =COUNTIF(DR.LH!E2:E1001,"01") -> 407 | E7: =COUNTIF(DR.LH!E2:E1001,"10") -> 96 | F7: =COUNTIF(DR.LH!E2:E1001,"11") -> 404 | G7: =MEDIAN(DR.LH!H2:H1001) -> 0.08757012 | I7: =COUNTIF(DR.LH!O2:O1001,100)/1000 -> 0.811 | J7: =COUNTIF(DR.LH!P2:P1001,100)/1000 -> 0.809 | K7: =COUNTIF(DR.LH!Q2:Q1001,100)/1000 -> 0.857 | L7: =COUNTIF(DR.LH!R2:R1001,100)/1000 -> 0.852 | M7: =COUNTIF(DR.LH!S2:S1001,100)/1000 -> 0.859 | N7: =COUNTIF(DR.LH!T2:T1001,100)/1000 -> 0.857 | P7: =MEDIAN(DR.LH!U2:U1001) -> 0.22564668 | Q7: =MEDIAN(DR.LH!V2:V1001) -> 0.22184316 | R7: =MEDIAN(DR.LH!W2:W1001) -> 0.11822079 | S7: =MEDIAN(DR.LH!X2:X1001) -> 0.13296029 | T7: =MEDIAN(DR.LH!Y2:Y1001) -> 0.10869942 | U7: =MEDIAN(DR.LH!Z2:Z1001) -> 0.10925714
A8: DR.MH | B8: Q6 | C8: =COUNTIF(DR.MH!E2:E1001,"00") -> 183 | D8: =COUNTIF(DR.MH!E2:E1001,"01") -> 317 | E8: =COUNTIF(DR.MH!E2:E1001,"10") -> 158 | F8: =COUNTIF(DR.MH!E2:E1001,"11") -> 342 | G8: =MEDIAN(DR.MH!H2:H1001) -> 0.086048179 | I8: =COUNTIF(DR.MH!O2:O1001,100)/1000 -> 0.657 | J8: =COUNTIF(DR.MH!P2:P1001,100)/1000 -> 0.641 | K8: =COUNTIF(DR.MH!Q2:Q1001,100)/1000 -> 0.766 | L8: =COUNTIF(DR.MH!R2:R1001,100)/1000 -> 0.746 | M8: =COUNTIF(DR.MH!S2:S1001,100)/1000 -> 0.776 | N8: =COUNTIF(DR.MH!T2:T1001,100)/1000 -> 0.742 | P8: =MEDIAN(DR.MH!U2:U1001) -> 0.49020667 | Q8: =MEDIAN(DR.MH!V2:V1001) -> 0.51480971 | R8: =MEDIAN(DR.MH!W2:W1001) -> 0.34743233 | S8: =MEDIAN(DR.MH!X2:X1001) -> 0.37251401 | T8: =MEDIAN(DR.MH!Y2:Y1001) -> 0.31197477 | U8: =MEDIAN(DR.MH!Z2:Z1001) -> 0.34108285
A9: DEP1.L | B9: Q7 | C9: =COUNTIF('DEP1.L'!E2:E1001,"00") -> 334 | D9: =COUNTIF('DEP1.L'!E2:E1001,"01") -> 166 | E9: =COUNTIF('DEP1.L'!E2:E1001,"10") -> 214 | F9: =COUNTIF('DEP1.L'!E2:E1001,"11") -> 286 | G9: =MEDIAN('DEP1.L'!H2:H1001) -> 0.082433675 | I9: =COUNTIF('DEP1.L'!O2:O1001,100)/1000 -> 0.608 | J9: =COUNTIF('DEP1.L'!P2:P1001,100)/1000 -> 0.652 | K9: =COUNTIF('DEP1.L'!Q2:Q1001,100)/1000 -> 0.888 | L9: =COUNTIF('DEP1.L'!R2:R1001,100)/1000 -> 0.858 | M9: =COUNTIF('DEP1.L'!S2:S1001,100)/1000 -> 0.886 | N9: =COUNTIF('DEP1.L'!T2:T1001,100)/1000 -> 0.873 | P9: =MEDIAN('DEP1.L'!U2:U1001) -> 0.59239728 | Q9: =MEDIAN('DEP1.L'!V2:V1001) -> 0.51331939 | R9: =MEDIAN('DEP1.L'!W2:W1001) -> 0.10425002 | S9: =MEDIAN('DEP1.L'!X2:X1001) -> 0.12613044 | T9: =MEDIAN('DEP1.L'!Y2:Y1001) -> 0.082295243 | U9: =MEDIAN('DEP1.L'!Z2:Z1001) -> 0.086647807
A10: DEP1.M | B10: Q8 | C10: =COUNTIF('DEP1.M'!E2:E1001,"00") -> 268 | D10: =COUNTIF('DEP1.M'!E2:E1001,"01") -> 232 | E10: =COUNTIF('DEP1.M'!E2:E1001,"10") -> 159 | F10: =COUNTIF('DEP1.M'!E2:E1001,"11") -> 341 | G10: =MEDIAN('DEP1.M'!H2:H1001) -> 0.08696674 | I10: =COUNTIF('DEP1.M'!O2:O1001,100)/1000 -> 0.587 | J10: =COUNTIF('DEP1.M'!P2:P1001,100)/1000 -> 0.612 | K10: =COUNTIF('DEP1.M'!Q2:Q1001,100)/1000 -> 0.798 | L10: =COUNTIF('DEP1.M'!R2:R1001,100)/1000 -> 0.772 | M10: =COUNTIF('DEP1.M'!S2:S1001,100)/1000 -> 0.796 | N10: =COUNTIF('DEP1.M'!T2:T1001,100)/1000 -> 0.795 | P10: =MEDIAN('DEP1.M'!U2:U1001) -> 0.65200524 | Q10: =MEDIAN('DEP1.M'!V2:V1001) -> 0.60299608 | R10: =MEDIAN('DEP1.M'!W2:W1001) -> 0.2890163 | S10: =MEDIAN('DEP1.M'!X2:X1001) -> 0.29504265 | T10: =MEDIAN('DEP1.M'!Y2:Y1001) -> 0.25102875 | U10: =MEDIAN('DEP1.M'!Z2:Z1001) -> 0.23762307
A11: DEP1.H | B11: Q9 | C11: =COUNTIF('DEP1.H'!E2:E1001,"00") -> 253 | D11: =COUNTIF('DEP1.H'!E2:E1001,"01") -> 247 | E11: =COUNTIF('DEP1.H'!E2:E1001,"10") -> 152 | F11: =COUNTIF('DEP1.H'!E2:E1001,"11") -> 348 | G11: =MEDIAN('DEP1.H'!H2:H1001) -> 0.081043346 | I11: =COUNTIF('DEP1.H'!O2:O1001,100)/1000 -> 0.576 | J11: =COUNTIF('DEP1.H'!P2:P1001,100)/1000 -> 0.601 | K11: =COUNTIF('DEP1.H'!Q2:Q1001,100)/1000 -> 0.693 | L11: =COUNTIF('DEP1.H'!R2:R1001,100)/1000 -> 0.702 | M11: =COUNTIF('DEP1.H'!S2:S1001,100)/1000 -> 0.691 | N11: =COUNTIF('DEP1.H'!T2:T1001,100)/1000 -> 0.707 | P11: =MEDIAN('DEP1.H'!U2:U1001) -> 0.65488893 | Q11: =MEDIAN('DEP1.H'!V2:V1001) -> 0.61373539 | R11: =MEDIAN('DEP1.H'!W2:W1001) -> 0.48939034 | S11: =MEDIAN('DEP1.H'!X2:X1001) -> 0.4533435 | T11: =MEDIAN('DEP1.H'!Y2:Y1001) -> 0.50087529 | U11: =MEDIAN('DEP1.H'!Z2:Z1001) -> 0.42312004
A12: DEP2.L | B12: Q10 | C12: =COUNTIF('DEP2.L'!E2:E1001,"00") -> 305 | D12: =COUNTIF('DEP2.L'!E2:E1001,"01") -> 199 | E12: =COUNTIF('DEP2.L'!E2:E1001,"10") -> 72 | F12: =COUNTIF('DEP2.L'!E2:E1001,"11") -> 424 | G12: =MEDIAN('DEP2.L'!H2:H1001) -> 0.092310217 | I12: =COUNTIF('DEP2.L'!O2:O1001,100)/1000 -> 0.567 | J12: =COUNTIF('DEP2.L'!P2:P1001,100)/1000 -> 0.746 | K12: =COUNTIF('DEP2.L'!Q2:Q1001,100)/1000 -> 0.887 | L12: =COUNTIF('DEP2.L'!R2:R1001,100)/1000 -> 0.887 | M12: =COUNTIF('DEP2.L'!S2:S1001,100)/1000 -> 0.89 | N12: =COUNTIF('DEP2.L'!T2:T1001,100)/1000 -> 0.905 | P12: =MEDIAN('DEP2.L'!U2:U1001) -> 0.63487827 | Q12: =MEDIAN('DEP2.L'!V2:V1001) -> 0.35262789 | R12: =MEDIAN('DEP2.L'!W2:W1001) -> 0.10981487 | S12: =MEDIAN('DEP2.L'!X2:X1001) -> 0.075801713 | T12: =MEDIAN('DEP2.L'!Y2:Y1001) -> 0.090472053 | U12: =MEDIAN('DEP2.L'!Z2:Z1001) -> 0.05551271
A13: DEP2.M | B13: Q11 | C13: =COUNTIF('DEP2.M'!E2:E1001,"00") -> 246 | D13: =COUNTIF('DEP2.M'!E2:E1001,"01") -> 254 | E13: =COUNTIF('DEP2.M'!E2:E1001,"10") -> 39 | F13: =COUNTIF('DEP2.M'!E2:E1001,"11") -> 461 | G13: =MEDIAN('DEP2.M'!H2:H1001) -> 0.079486345 | I13: =COUNTIF('DEP2.M'!O2:O1001,100)/1000 -> 0.656 | J13: =COUNTIF('DEP2.M'!P2:P1001,100)/1000 -> 0.731 | K13: =COUNTIF('DEP2.M'!Q2:Q1001,100)/1000 -> 0.828 | L13: =COUNTIF('DEP2.M'!R2:R1001,100)/1000 -> 0.854 | M13: =COUNTIF('DEP2.M'!S2:S1001,100)/1000 -> 0.827 | N13: =COUNTIF('DEP2.M'!T2:T1001,100)/1000 -> 0.856 | P13: =MEDIAN('DEP2.M'!U2:U1001) -> 0.58071215 | Q13: =MEDIAN('DEP2.M'!V2:V1001) -> 0.42744401 | R13: =MEDIAN('DEP2.M'!W2:W1001) -> 0.22690139 | S13: =MEDIAN('DEP2.M'!X2:X1001) -> 0.11991093 | T13: =MEDIAN('DEP2.M'!Y2:Y1001) -> 0.20702417 | U13: =MEDIAN('DEP2.M'!Z2:Z1001) -> 0.12613044
A14: DEP2.H | B14: Q12 | C14: =COUNTIF('DEP2.H'!E2:E1001,"00") -> 262 | D14: =COUNTIF('DEP2.H'!E2:E1001,"01") -> 238 | E14: =COUNTIF('DEP2.H'!E2:E1001,"10") -> 40 | F14: =COUNTIF('DEP2.H'!E2:E1001,"11") -> 460 | G14: =MEDIAN('DEP2.H'!H2:H1001) -> 0.080324121 | I14: =COUNTIF('DEP2.H'!O2:O1001,100)/1000 -> 0.689 | J14: =COUNTIF('DEP2.H'!P2:P1001,100)/1000 -> 0.7 | K14: =COUNTIF('DEP2.H'!Q2:Q1001,100)/1000 -> 0.765 | L14: =COUNTIF('DEP2.H'!R2:R1001,100)/1000 -> 0.79 | M14: =COUNTIF('DEP2.H'!S2:S1001,100)/1000 -> 0.766 | N14: =COUNTIF('DEP2.H'!T2:T1001,100)/1000 -> 0.802 | P14: =MEDIAN('DEP2.H'!U2:U1001) -> 0.51082562 | Q14: =MEDIAN('DEP2.H'!V2:V1001) -> 0.48465238 | R14: =MEDIAN('DEP2.H'!W2:W1001) -> 0.37614932 | S14: =MEDIAN('DEP2.H'!X2:X1001) -> 0.20211693 | T14: =MEDIAN('DEP2.H'!Y2:Y1001) -> 0.35382187 | U14: =MEDIAN('DEP2.H'!Z2:Z1001) -> 0.20456792
A15: random | B15: random | C15: =COUNTIF(random!E2:E1001,"00") -> 244 | D15: =COUNTIF(random!E2:E1001,"01") -> 256 | E15: =COUNTIF(random!E2:E1001,"10") -> 261 | F15: =COUNTIF(random!E2:E1001,"11") -> 239 | G15: =MEDIAN(random!H2:H1001) -> 0.085709442 | I15: =COUNTIF(random!O2:O1001,100)/1000 -> 0.48 | J15: =COUNTIF(random!P2:P1001,100)/1000 -> 0.47 | K15: =COUNTIF(random!Q2:Q1001,100)/1000 -> 0.514 | L15: =COUNTIF(random!R2:R1001,100)/1000 -> 0.516 | M15: =COUNTIF(random!S2:S1001,100)/1000 -> 0.524 | N15: =COUNTIF(random!T2:T1001,100)/1000 -> 0.517 | P15: =MEDIAN(random!U2:U1001) -> 0.6971552 | Q15: =MEDIAN(random!V2:V1001) -> 0.69314718 | R15: =MEDIAN(random!W2:W1001) -> 0.68915516 | S15: =MEDIAN(random!X2:X1001) -> 0.68517901 | T15: =MEDIAN(random!Y2:Y1001) -> 0.69114918 | U15: =MEDIAN(random!Z2:Z1001) -> 0.68915516
A17: TRUE STATE OF TEST TAXON: 00
A18: scenario | B18: matrix | C18: test.00 | D18: test.01 | E18: test.10 | F18: test.11 | G18: terminal.std.med | I18: acc.bb | J18: acc.nb | K18: acc.ind | L18: acc.dep | M18: acc.ind.rj | N18: acc.dep.rj | P18: mll.bb | Q18: mll.nb | R18: mll.ind | S18: mll.dep | T18: mll.ind.rj | U18: mll.dep.rj
A19: ER.L | B19: Q1 | C19: =C3 -> 305 | D19: 0 | E19: 0 | F19: 0 | G19: {=MEDIAN(IF(ER.L!$E$2:$E$1001="00",ER.L!H2:H1001))} -> 0.078539747 | I19: =COUNTIFS(ER.L!O2:O1001,100,ER.L!$E$2:$E$1001,"00")/$C$19 -> 0.8557377 | J19: =COUNTIFS(ER.L!P2:P1001,100,ER.L!$E$2:$E$1001,"00")/$C$19 -> 0.86229508 | K19: =COUNTIFS(ER.L!Q2:Q1001,100,ER.L!$E$2:$E$1001,"00")/$C$19 -> 0.94754098 | L19: =COUNTIFS(ER.L!R2:R1001,100,ER.L!$E$2:$E$1001,"00")/$C$19 -> 0.94754098 | M19: =COUNTIFS(ER.L!S2:S1001,100,ER.L!$E$2:$E$1001,"00")/$C$19 -> 0.94754098 | N19: =COUNTIFS(ER.L!T2:T1001,100,ER.L!$E$2:$E$1001,"00")/$C$19 -> 0.95081967 | P19: {=MEDIAN(IF(ER.L!$E$2:$E$1001="00",ER.L!U2:U1001))} -> 0.40947313 | Q19: {=MEDIAN(IF(ER.L!$E$2:$E$1001="00",ER.L!V2:V1001))} -> 0.35894509 | R19: {=MEDIAN(IF(ER.L!$E$2:$E$1001="00",ER.L!W2:W1001))} -> 0.071496002 | S19: {=MEDIAN(IF(ER.L!$E$2:$E$1001="00",ER.L!X2:X1001))} -> 0.076881044 | T19: {=MEDIAN(IF(ER.L!$E$2:$E$1001="00",ER.L!Y2:Y1001))} -> 0.066139803 | U19: {=MEDIAN(IF(ER.L!$E$2:$E$1001="00",ER.L!Z2:Z1001))} -> 0.06400533
A20: ER.M | B20: Q2 | C20: =C4 -> 236 | D20: 0 | E20: 0 | F20: 0 | G20: {=MEDIAN(IF(ER.M!$E$2:$E$1001="00",ER.M!H2:H1001))} -> 0.086671999 | I20: =COUNTIFS(ER.M!O2:O1001,100,ER.M!$E$2:$E$1001,"00")/$C$20 -> 0.63135593 | J20: =COUNTIFS(ER.M!P2:P1001,100,ER.M!$E$2:$E$1001,"00")/$C$20 -> 0.54237288 | K20: =COUNTIFS(ER.M!Q2:Q1001,100,ER.M!$E$2:$E$1001,"00")/$C$20 -> 0.76694915 | L20: =COUNTIFS(ER.M!R2:R1001,100,ER.M!$E$2:$E$1001,"00")/$C$20 -> 0.75847458 | M20: =COUNTIFS(ER.M!S2:S1001,100,ER.M!$E$2:$E$1001,"00")/$C$20 -> 0.77966102 | N20: =COUNTIFS(ER.M!T2:T1001,100,ER.M!$E$2:$E$1001,"00")/$C$20 -> 0.77966102 | P20: {=MEDIAN(IF(ER.M!$E$2:$E$1001="00",ER.M!U2:U1001))} -> 0.63771292 | Q20: {=MEDIAN(IF(ER.M!$E$2:$E$1001="00",ER.M!V2:V1001))} -> 0.65980149 | R20: {=MEDIAN(IF(ER.M!$E$2:$E$1001="00",ER.M!W2:W1001))} -> 0.32434701 | S20: {=MEDIAN(IF(ER.M!$E$2:$E$1001="00",ER.M!X2:X1001))} -> 0.3739675 | T20: {=MEDIAN(IF(ER.M!$E$2:$E$1001="00",ER.M!Y2:Y1001))} -> 0.30313441 | U20: {=MEDIAN(IF(ER.M!$E$2:$E$1001="00",ER.M!Z2:Z1001))} -> 0.30856737
A21: ER.H | B21: Q3 | C21: =C5 -> 235 | D21: 0 | E21: 0 | F21: 0 | G21: {=MEDIAN(IF(ER.H!$E$2:$E$1001="00",ER.H!H2:H1001))} -> 0.080704297 | I21: =COUNTIFS(ER.H!O2:O1001,100,ER.H!$E$2:$E$1001,"00")/$C$21 -> 0.47659574 | J21: =COUNTIFS(ER.H!P2:P1001,100,ER.H!$E$2:$E$1001,"00")/$C$21 -> 0.49787234 | K21: =COUNTIFS(ER.H!Q2:Q1001,100,ER.H!$E$2:$E$1001,"00")/$C$21 -> 0.68510638 | L21: =COUNTIFS(ER.H!R2:R1001,100,ER.H!$E$2:$E$1001,"00")/$C$21 -> 0.66808511 | M21: =COUNTIFS(ER.H!S2:S1001,100,ER.H!$E$2:$E$1001,"00")/$C$21 -> 0.70212766 | N21: =COUNTIFS(ER.H!T2:T1001,100,ER.H!$E$2:$E$1001,"00")/$C$21 -> 0.66808511 | P21: {=MEDIAN(IF(ER.H!$E$2:$E$1001="00",ER.H!U2:U1001))} -> 0.70521976 | Q21: {=MEDIAN(IF(ER.H!$E$2:$E$1001="00",ER.H!V2:V1001))} -> 0.69314718 | R21: {=MEDIAN(IF(ER.H!$E$2:$E$1001="00",ER.H!W2:W1001))} -> 0.57447565 | S21: {=MEDIAN(IF(ER.H!$E$2:$E$1001="00",ER.H!X2:X1001))} -> 0.58339632 | T21: {=MEDIAN(IF(ER.H!$E$2:$E$1001="00",ER.H!Y2:Y1001))} -> 0.56036607 | U21: {=MEDIAN(IF(ER.H!$E$2:$E$1001="00",ER.H!Z2:Z1001))} -> 0.58519004
A22: DR.LM | B22: Q4 | C22: =C6 -> 190 | D22: 0 | E22: 0 | F22: 0 | G22: {=MEDIAN(IF(DR.LM!$E$2:$E$1001="00",DR.LM!H2:H1001))} -> 0.093810904 | I22: =COUNTIFS(DR.LM!O2:O1001,100,DR.LM!$E$2:$E$1001,"00")/$C$22 -> 0.14210526 | J22: =COUNTIFS(DR.LM!P2:P1001,100,DR.LM!$E$2:$E$1001,"00")/$C$22 -> 0.21052632 | K22: =COUNTIFS(DR.LM!Q2:Q1001,100,DR.LM!$E$2:$E$1001,"00")/$C$22 -> 0.7 | L22: =COUNTIFS(DR.LM!R2:R1001,100,DR.LM!$E$2:$E$1001,"00")/$C$22 -> 0.64736842 | M22: =COUNTIFS(DR.LM!S2:S1001,100,DR.LM!$E$2:$E$1001,"00")/$C$22 -> 0.72105263 | N22: =COUNTIFS(DR.LM!T2:T1001,100,DR.LM!$E$2:$E$1001,"00")/$C$22 -> 0.73684211 | P22: {=MEDIAN(IF(DR.LM!$E$2:$E$1001="00",DR.LM!U2:U1001))} -> 0.97688044 | Q22: {=MEDIAN(IF(DR.LM!$E$2:$E$1001="00",DR.LM!V2:V1001))} -> 0.99182524 | R22: {=MEDIAN(IF(DR.LM!$E$2:$E$1001="00",DR.LM!W2:W1001))} -> 0.30381237 | S22: {=MEDIAN(IF(DR.LM!$E$2:$E$1001="00",DR.LM!X2:X1001))} -> 0.46203672 | T22: {=MEDIAN(IF(DR.LM!$E$2:$E$1001="00",DR.LM!Y2:Y1001))} -> 0.23067261 | U22: {=MEDIAN(IF(DR.LM!$E$2:$E$1001="00",DR.LM!Z2:Z1001))} -> 0.22127206
A23: DR.LH | B23: Q5 | C23: =C7 -> 93 | D23: 0 | E23: 0 | F23: 0 | G23: {=MEDIAN(IF(DR.LH!$E$2:$E$1001="00",DR.LH!H2:H1001))} -> 0.095319769 | I23: =COUNTIFS(DR.LH!O2:O1001,100,DR.LH!$E$2:$E$1001,"00")/$C$23 -> 0 | J23: =COUNTIFS(DR.LH!P2:P1001,100,DR.LH!$E$2:$E$1001,"00")/$C$23 -> 0.043010753 | K23: =COUNTIFS(DR.LH!Q2:Q1001,100,DR.LH!$E$2:$E$1001,"00")/$C$23 -> 0.30107527 | L23: =COUNTIFS(DR.LH!R2:R1001,100,DR.LH!$E$2:$E$1001,"00")/$C$23 -> 0.23655914 | M23: =COUNTIFS(DR.LH!S2:S1001,100,DR.LH!$E$2:$E$1001,"00")/$C$23 -> 0.33333333 | N23: =COUNTIFS(DR.LH!T2:T1001,100,DR.LH!$E$2:$E$1001,"00")/$C$23 -> 0.35483871 | P23: {=MEDIAN(IF(DR.LH!$E$2:$E$1001="00",DR.LH!U2:U1001))} -> 1.7203695 | Q23: {=MEDIAN(IF(DR.LH!$E$2:$E$1001="00",DR.LH!V2:V1001))} -> 1.8325815 | R23: {=MEDIAN(IF(DR.LH!$E$2:$E$1001="00",DR.LH!W2:W1001))} -> 1.551169 | S23: {=MEDIAN(IF(DR.LH!$E$2:$E$1001="00",DR.LH!X2:X1001))} -> 1.4828053 | T23: {=MEDIAN(IF(DR.LH!$E$2:$E$1001="00",DR.LH!Y2:Y1001))} -> 1.5945493 | U23: {=MEDIAN(IF(DR.LH!$E$2:$E$1001="00",DR.LH!Z2:Z1001))} -> 1.3167683
A24: DR.MH | B24: Q6 | C24: =C8 -> 183 | D24: 0 | E24: 0 | F24: 0 | G24: {=MEDIAN(IF(DR.MH!$E$2:$E$1001="00",DR.MH!H2:H1001))} -> 0.081674767 | I24: =COUNTIFS(DR.MH!O2:O1001,100,DR.MH!$E$2:$E$1001,"00")/$C$24 -> 0.016393443 | J24: =COUNTIFS(DR.MH!P2:P1001,100,DR.MH!$E$2:$E$1001,"00")/$C$24 -> 0.054644809 | K24: =COUNTIFS(DR.MH!Q2:Q1001,100,DR.MH!$E$2:$E$1001,"00")/$C$24 -> 0.47540984 | L24: =COUNTIFS(DR.MH!R2:R1001,100,DR.MH!$E$2:$E$1001,"00")/$C$24 -> 0.36065574 | M24: =COUNTIFS(DR.MH!S2:S1001,100,DR.MH!$E$2:$E$1001,"00")/$C$24 -> 0.56830601 | N24: =COUNTIFS(DR.MH!T2:T1001,100,DR.MH!$E$2:$E$1001,"00")/$C$24 -> 0.53005464 | P24: {=MEDIAN(IF(DR.MH!$E$2:$E$1001="00",DR.MH!U2:U1001))} -> 1.0613165 | Q24: {=MEDIAN(IF(DR.MH!$E$2:$E$1001="00",DR.MH!V2:V1001))} -> 1.0745147 | R24: {=MEDIAN(IF(DR.MH!$E$2:$E$1001="00",DR.MH!W2:W1001))} -> 0.73396918 | S24: {=MEDIAN(IF(DR.MH!$E$2:$E$1001="00",DR.MH!X2:X1001))} -> 0.93394567 | T24: {=MEDIAN(IF(DR.MH!$E$2:$E$1001="00",DR.MH!Y2:Y1001))} -> 0.63299326 | U24: {=MEDIAN(IF(DR.MH!$E$2:$E$1001="00",DR.MH!Z2:Z1001))} -> 0.597837
A25: DEP1.L | B25: Q7 | C25: =C9 -> 334 | D25: 0 | E25: 0 | F25: 0 | G25: {=MEDIAN(IF('DEP1.L'!$E$2:$E$1001="00",'DEP1.L'!H2:H1001))} -> 0.077566887 | I25: =COUNTIFS('DEP1.L'!O2:O1001,100,'DEP1.L'!$E$2:$E$1001,"00")/$C$25 -> 0.76347305 | J25: =COUNTIFS('DEP1.L'!P2:P1001,100,'DEP1.L'!$E$2:$E$1001,"00")/$C$25 -> 0.83532934 | K25: =COUNTIFS('DEP1.L'!Q2:Q1001,100,'DEP1.L'!$E$2:$E$1001,"00")/$C$25 -> 0.90718563 | L25: =COUNTIFS('DEP1.L'!R2:R1001,100,'DEP1.L'!$E$2:$E$1001,"00")/$C$25 -> 0.91916168 | M25: =COUNTIFS('DEP1.L'!S2:S1001,100,'DEP1.L'!$E$2:$E$1001,"00")/$C$25 -> 0.90419162 | N25: =COUNTIFS('DEP1.L'!T2:T1001,100,'DEP1.L'!$E$2:$E$1001,"00")/$C$25 -> 0.89820359 | P25: {=MEDIAN(IF('DEP1.L'!$E$2:$E$1001="00",'DEP1.L'!U2:U1001))} -> 0.50749921 | Q25: {=MEDIAN(IF('DEP1.L'!$E$2:$E$1001="00",'DEP1.L'!V2:V1001))} -> 0.40253255 | R25: {=MEDIAN(IF('DEP1.L'!$E$2:$E$1001="00",'DEP1.L'!W2:W1001))} -> 0.095960543 | S25: {=MEDIAN(IF('DEP1.L'!$E$2:$E$1001="00",'DEP1.L'!X2:X1001))} -> 0.098168052 | T25: {=MEDIAN(IF('DEP1.L'!$E$2:$E$1001="00",'DEP1.L'!Y2:Y1001))} -> 0.071496002 | U25: {=MEDIAN(IF('DEP1.L'!$E$2:$E$1001="00",'DEP1.L'!Z2:Z1001))} -> 0.079584626
A26: DEP1.M | B26: Q8 | C26: =C10 -> 268 | D26: 0 | E26: 0 | F26: 0 | G26: {=MEDIAN(IF('DEP1.M'!$E$2:$E$1001="00",'DEP1.M'!H2:H1001))} -> 0.086412454 | I26: =COUNTIFS('DEP1.M'!O2:O1001,100,'DEP1.M'!$E$2:$E$1001,"00")/$C$26 -> 0.30223881 | J26: =COUNTIFS('DEP1.M'!P2:P1001,100,'DEP1.M'!$E$2:$E$1001,"00")/$C$26 -> 0.59328358 | K26: =COUNTIFS('DEP1.M'!Q2:Q1001,100,'DEP1.M'!$E$2:$E$1001,"00")/$C$26 -> 0.72014925 | L26: =COUNTIFS('DEP1.M'!R2:R1001,100,'DEP1.M'!$E$2:$E$1001,"00")/$C$26 -> 0.81343284 | M26: =COUNTIFS('DEP1.M'!S2:S1001,100,'DEP1.M'!$E$2:$E$1001,"00")/$C$26 -> 0.74253731 | N26: =COUNTIFS('DEP1.M'!T2:T1001,100,'DEP1.M'!$E$2:$E$1001,"00")/$C$26 -> 0.78358209 | P26: {=MEDIAN(IF('DEP1.M'!$E$2:$E$1001="00",'DEP1.M'!U2:U1001))} -> 0.78088609 | Q26: {=MEDIAN(IF('DEP1.M'!$E$2:$E$1001="00",'DEP1.M'!V2:V1001))} -> 0.64588256 | R26: {=MEDIAN(IF('DEP1.M'!$E$2:$E$1001="00",'DEP1.M'!W2:W1001))} -> 0.32850407 | S26: {=MEDIAN(IF('DEP1.M'!$E$2:$E$1001="00",'DEP1.M'!X2:X1001))} -> 0.32919899 | T26: {=MEDIAN(IF('DEP1.M'!$E$2:$E$1001="00",'DEP1.M'!Y2:Y1001))} -> 0.24080577 | U26: {=MEDIAN(IF('DEP1.M'!$E$2:$E$1001="00",'DEP1.M'!Z2:Z1001))} -> 0.28369005
A27: DEP1.H | B27: Q9 | C27: =C11 -> 253 | D27: 0 | E27: 0 | F27: 0 | G27: {=MEDIAN(IF('DEP1.H'!$E$2:$E$1001="00",'DEP1.H'!H2:H1001))} -> 0.07349074 | I27: =COUNTIFS('DEP1.H'!O2:O1001,100,'DEP1.H'!$E$2:$E$1001,"00")/$C$27 -> 0.13438735 | J27: =COUNTIFS('DEP1.H'!P2:P1001,100,'DEP1.H'!$E$2:$E$1001,"00")/$C$27 -> 0.52964427 | K27: =COUNTIFS('DEP1.H'!Q2:Q1001,100,'DEP1.H'!$E$2:$E$1001,"00")/$C$27 -> 0.46640316 | L27: =COUNTIFS('DEP1.H'!R2:R1001,100,'DEP1.H'!$E$2:$E$1001,"00")/$C$27 -> 0.64822134 | M27: =COUNTIFS('DEP1.H'!S2:S1001,100,'DEP1.H'!$E$2:$E$1001,"00")/$C$27 -> 0.58102767 | N27: =COUNTIFS('DEP1.H'!T2:T1001,100,'DEP1.H'!$E$2:$E$1001,"00")/$C$27 -> 0.66007905 | P27: {=MEDIAN(IF('DEP1.H'!$E$2:$E$1001="00",'DEP1.H'!U2:U1001))} -> 0.85802182 | Q27: {=MEDIAN(IF('DEP1.H'!$E$2:$E$1001="00",'DEP1.H'!V2:V1001))} -> 0.67512868 | R27: {=MEDIAN(IF('DEP1.H'!$E$2:$E$1001="00",'DEP1.H'!W2:W1001))} -> 0.72360639 | S27: {=MEDIAN(IF('DEP1.H'!$E$2:$E$1001="00",'DEP1.H'!X2:X1001))} -> 0.59420723 | T27: {=MEDIAN(IF('DEP1.H'!$E$2:$E$1001="00",'DEP1.H'!Y2:Y1001))} -> 0.64245407 | U27: {=MEDIAN(IF('DEP1.H'!$E$2:$E$1001="00",'DEP1.H'!Z2:Z1001))} -> 0.55164762
A28: DEP2.L | B28: Q10 | C28: =C12 -> 305 | D28: 0 | E28: 0 | F28: 0 | G28: {=MEDIAN(IF('DEP2.L'!$E$2:$E$1001="00",'DEP2.L'!H2:H1001))} -> 0.097008128 | I28: =COUNTIFS('DEP2.L'!O2:O1001,100,'DEP2.L'!$E$2:$E$1001,"00")/$C$28 -> 0.72459016 | J28: =COUNTIFS('DEP2.L'!P2:P1001,100,'DEP2.L'!$E$2:$E$1001,"00")/$C$28 -> 0.86885246 | K28: =COUNTIFS('DEP2.L'!Q2:Q1001,100,'DEP2.L'!$E$2:$E$1001,"00")/$C$28 -> 0.91147541 | L28: =COUNTIFS('DEP2.L'!R2:R1001,100,'DEP2.L'!$E$2:$E$1001,"00")/$C$28 -> 0.92131148 | M28: =COUNTIFS('DEP2.L'!S2:S1001,100,'DEP2.L'!$E$2:$E$1001,"00")/$C$28 -> 0.91803279 | N28: =COUNTIFS('DEP2.L'!T2:T1001,100,'DEP2.L'!$E$2:$E$1001,"00")/$C$28 -> 0.93114754 | P28: {=MEDIAN(IF('DEP2.L'!$E$2:$E$1001="00",'DEP2.L'!U2:U1001))} -> 0.51583817 | Q28: {=MEDIAN(IF('DEP2.L'!$E$2:$E$1001="00",'DEP2.L'!V2:V1001))} -> 0.40546511 | R28: {=MEDIAN(IF('DEP2.L'!$E$2:$E$1001="00",'DEP2.L'!W2:W1001))} -> 0.12669765 | S28: {=MEDIAN(IF('DEP2.L'!$E$2:$E$1001="00",'DEP2.L'!X2:X1001))} -> 0.1131687 | T28: {=MEDIAN(IF('DEP2.L'!$E$2:$E$1001="00",'DEP2.L'!Y2:Y1001))} -> 0.094310679 | U28: {=MEDIAN(IF('DEP2.L'!$E$2:$E$1001="00",'DEP2.L'!Z2:Z1001))} -> 0.10758521
A29: DEP2.M | B29: Q11 | C29: =C13 -> 246 | D29: 0 | E29: 0 | F29: 0 | G29: {=MEDIAN(IF('DEP2.M'!$E$2:$E$1001="00",'DEP2.M'!H2:H1001))} -> 0.077026378 | I29: =COUNTIFS('DEP2.M'!O2:O1001,100,'DEP2.M'!$E$2:$E$1001,"00")/$C$29 -> 0.18292683 | J29: =COUNTIFS('DEP2.M'!P2:P1001,100,'DEP2.M'!$E$2:$E$1001,"00")/$C$29 -> 0.67073171 | K29: =COUNTIFS('DEP2.M'!Q2:Q1001,100,'DEP2.M'!$E$2:$E$1001,"00")/$C$29 -> 0.67886179 | L29: =COUNTIFS('DEP2.M'!R2:R1001,100,'DEP2.M'!$E$2:$E$1001,"00")/$C$29 -> 0.80487805 | M29: =COUNTIFS('DEP2.M'!S2:S1001,100,'DEP2.M'!$E$2:$E$1001,"00")/$C$29 -> 0.7195122 | N29: =COUNTIFS('DEP2.M'!T2:T1001,100,'DEP2.M'!$E$2:$E$1001,"00")/$C$29 -> 0.81300813 | P29: {=MEDIAN(IF('DEP2.M'!$E$2:$E$1001="00",'DEP2.M'!U2:U1001))} -> 0.89281912 | Q29: {=MEDIAN(IF('DEP2.M'!$E$2:$E$1001="00",'DEP2.M'!V2:V1001))} -> 0.60819766 | R29: {=MEDIAN(IF('DEP2.M'!$E$2:$E$1001="00",'DEP2.M'!W2:W1001))} -> 0.38492773 | S29: {=MEDIAN(IF('DEP2.M'!$E$2:$E$1001="00",'DEP2.M'!X2:X1001))} -> 0.31402628 | T29: {=MEDIAN(IF('DEP2.M'!$E$2:$E$1001="00",'DEP2.M'!Y2:Y1001))} -> 0.32573398 | U29: {=MEDIAN(IF('DEP2.M'!$E$2:$E$1001="00",'DEP2.M'!Z2:Z1001))} -> 0.29035319
A30: DEP2.H | B30: Q12 | C30: =C14 -> 262 | D30: 0 | E30: 0 | F30: 0 | G30: {=MEDIAN(IF('DEP2.H'!$E$2:$E$1001="00",'DEP2.H'!H2:H1001))} -> 0.10345051 | I30: =COUNTIFS('DEP2.H'!O2:O1001,100,'DEP2.H'!$E$2:$E$1001,"00")/$C$30 -> 0.022900763 | J30: =COUNTIFS('DEP2.H'!P2:P1001,100,'DEP2.H'!$E$2:$E$1001,"00")/$C$30 -> 0.50763359 | K30: =COUNTIFS('DEP2.H'!Q2:Q1001,100,'DEP2.H'!$E$2:$E$1001,"00")/$C$30 -> 0.38549618 | L30: =COUNTIFS('DEP2.H'!R2:R1001,100,'DEP2.H'!$E$2:$E$1001,"00")/$C$30 -> 0.63740458 | M30: =COUNTIFS('DEP2.H'!S2:S1001,100,'DEP2.H'!$E$2:$E$1001,"00")/$C$30 -> 0.46183206 | N30: =COUNTIFS('DEP2.H'!T2:T1001,100,'DEP2.H'!$E$2:$E$1001,"00")/$C$30 -> 0.66030534 | P30: {=MEDIAN(IF('DEP2.H'!$E$2:$E$1001="00",'DEP2.H'!U2:U1001))} -> 1.0300195 | Q30: {=MEDIAN(IF('DEP2.H'!$E$2:$E$1001="00",'DEP2.H'!V2:V1001))} -> 0.67935123 | R30: {=MEDIAN(IF('DEP2.H'!$E$2:$E$1001="00",'DEP2.H'!W2:W1001))} -> 0.86631151 | S30: {=MEDIAN(IF('DEP2.H'!$E$2:$E$1001="00",'DEP2.H'!X2:X1001))} -> 0.57181529 | T30: {=MEDIAN(IF('DEP2.H'!$E$2:$E$1001="00",'DEP2.H'!Y2:Y1001))} -> 0.73501628 | U30: {=MEDIAN(IF('DEP2.H'!$E$2:$E$1001="00",'DEP2.H'!Z2:Z1001))} -> 0.5753677
A31: random | B31: random | C31: =C15 -> 244 | D31: 0 | E31: 0 | F31: 0 | G31: {=MEDIAN(IF(random!$E$2:$E$1001="00",random!H2:H1001))} -> 0.083244137 | I31: =COUNTIFS(random!O2:O1001,100,random!$E$2:$E$1001,"00")/$C$31 -> 0.44262295 | J31: =COUNTIFS(random!P2:P1001,100,random!$E$2:$E$1001,"00")/$C$31 -> 0.45491803 | K31: =COUNTIFS(random!Q2:Q1001,100,random!$E$2:$E$1001,"00")/$C$31 -> 0.50409836 | L31: =COUNTIFS(random!R2:R1001,100,random!$E$2:$E$1001,"00")/$C$31 -> 0.52459016 | M31: =COUNTIFS(random!S2:S1001,100,random!$E$2:$E$1001,"00")/$C$31 -> 0.58606557 | N31: =COUNTIFS(random!T2:T1001,100,random!$E$2:$E$1001,"00")/$C$31 -> 0.52459016 | P31: {=MEDIAN(IF(random!$E$2:$E$1001="00",random!U2:U1001))} -> 0.70319752 | Q31: {=MEDIAN(IF(random!$E$2:$E$1001="00",random!V2:V1001))} -> 0.69314718 | R31: {=MEDIAN(IF(random!$E$2:$E$1001="00",random!W2:W1001))} -> 0.69015217 | S31: {=MEDIAN(IF(random!$E$2:$E$1001="00",random!X2:X1001))} -> 0.68418793 | T31: {=MEDIAN(IF(random!$E$2:$E$1001="00",random!Y2:Y1001))} -> 0.68716511 | U31: {=MEDIAN(IF(random!$E$2:$E$1001="00",random!Z2:Z1001))} -> 0.68915516
A33: TRUE STATE OF TEST TAXON: 01
A34: scenario | B34: matrix | C34: test.00 | D34: test.01 | E34: test.10 | F34: test.11 | G34: terminal.std.med | I34: acc.bb | J34: acc.nb | K34: acc.ind | L34: acc.dep | M34: acc.ind.rj | N34: acc.dep.rj | P34: mll.bb | Q34: mll.nb | R34: mll.ind | S34: mll.dep | T34: mll.ind.rj | U34: mll.dep.rj
A35: ER.L | B35: Q1 | C35: 0 | D35: =D3 -> 195 | E35: 0 | F35: 0 | G35: {=MEDIAN(IF(ER.L!$E$2:$E$1001="01",ER.L!H2:H1001))} -> 0.067993281 | I35: =COUNTIFS(ER.L!O2:O1001,100,ER.L!$E$2:$E$1001,"01")/$D$35 -> 0.34871795 | J35: =COUNTIFS(ER.L!P2:P1001,100,ER.L!$E$2:$E$1001,"01")/$D$35 -> 0.37948718 | K35: =COUNTIFS(ER.L!Q2:Q1001,100,ER.L!$E$2:$E$1001,"01")/$D$35 -> 0.85641026 | L35: =COUNTIFS(ER.L!R2:R1001,100,ER.L!$E$2:$E$1001,"01")/$D$35 -> 0.84615385 | M35: =COUNTIFS(ER.L!S2:S1001,100,ER.L!$E$2:$E$1001,"01")/$D$35 -> 0.87179487 | N35: =COUNTIFS(ER.L!T2:T1001,100,ER.L!$E$2:$E$1001,"01")/$D$35 -> 0.86666667 | P35: {=MEDIAN(IF(ER.L!$E$2:$E$1001="01",ER.L!U2:U1001))} -> 0.83701755 | Q35: {=MEDIAN(IF(ER.L!$E$2:$E$1001="01",ER.L!V2:V1001))} -> 0.80349524 | R35: {=MEDIAN(IF(ER.L!$E$2:$E$1001="01",ER.L!W2:W1001))} -> 0.10981487 | S35: {=MEDIAN(IF(ER.L!$E$2:$E$1001="01",ER.L!X2:X1001))} -> 0.12669765 | T35: {=MEDIAN(IF(ER.L!$E$2:$E$1001="01",ER.L!Y2:Y1001))} -> 0.07364654 | U35: {=MEDIAN(IF(ER.L!$E$2:$E$1001="01",ER.L!Z2:Z1001))} -> 0.066139803
A36: ER.M | B36: Q2 | C36: 0 | D36: =D4 -> 264 | E36: 0 | F36: 0 | G36: {=MEDIAN(IF(ER.M!$E$2:$E$1001="01",ER.M!H2:H1001))} -> 0.081380473 | I36: =COUNTIFS(ER.M!O2:O1001,100,ER.M!$E$2:$E$1001,"01")/$D$36 -> 0.49242424 | J36: =COUNTIFS(ER.M!P2:P1001,100,ER.M!$E$2:$E$1001,"01")/$D$36 -> 0.4469697 | K36: =COUNTIFS(ER.M!Q2:Q1001,100,ER.M!$E$2:$E$1001,"01")/$D$36 -> 0.79924242 | L36: =COUNTIFS(ER.M!R2:R1001,100,ER.M!$E$2:$E$1001,"01")/$D$36 -> 0.76515152 | M36: =COUNTIFS(ER.M!S2:S1001,100,ER.M!$E$2:$E$1001,"01")/$D$36 -> 0.81060606 | N36: =COUNTIFS(ER.M!T2:T1001,100,ER.M!$E$2:$E$1001,"01")/$D$36 -> 0.79545455 | P36: {=MEDIAN(IF(ER.M!$E$2:$E$1001="01",ER.M!U2:U1001))} -> 0.69314718 | Q36: {=MEDIAN(IF(ER.M!$E$2:$E$1001="01",ER.M!V2:V1001))} -> 0.69314718 | R36: {=MEDIAN(IF(ER.M!$E$2:$E$1001="01",ER.M!W2:W1001))} -> 0.29236168 | S36: {=MEDIAN(IF(ER.M!$E$2:$E$1001="01",ER.M!X2:X1001))} -> 0.36169393 | T36: {=MEDIAN(IF(ER.M!$E$2:$E$1001="01",ER.M!Y2:Y1001))} -> 0.24654033 | U36: {=MEDIAN(IF(ER.M!$E$2:$E$1001="01",ER.M!Z2:Z1001))} -> 0.28105156
A37: ER.H | B37: Q3 | C37: 0 | D37: =D5 -> 265 | E37: 0 | F37: 0 | G37: {=MEDIAN(IF(ER.H!$E$2:$E$1001="01",ER.H!H2:H1001))} -> 0.084017494 | I37: =COUNTIFS(ER.H!O2:O1001,100,ER.H!$E$2:$E$1001,"01")/$D$37 -> 0.5245283 | J37: =COUNTIFS(ER.H!P2:P1001,100,ER.H!$E$2:$E$1001,"01")/$D$37 -> 0.49433962 | K37: =COUNTIFS(ER.H!Q2:Q1001,100,ER.H!$E$2:$E$1001,"01")/$D$37 -> 0.71320755 | L37: =COUNTIFS(ER.H!R2:R1001,100,ER.H!$E$2:$E$1001,"01")/$D$37 -> 0.68301887 | M37: =COUNTIFS(ER.H!S2:S1001,100,ER.H!$E$2:$E$1001,"01")/$D$37 -> 0.71698113 | N37: =COUNTIFS(ER.H!T2:T1001,100,ER.H!$E$2:$E$1001,"01")/$D$37 -> 0.67924528 | P37: {=MEDIAN(IF(ER.H!$E$2:$E$1001="01",ER.H!U2:U1001))} -> 0.68319685 | Q37: {=MEDIAN(IF(ER.H!$E$2:$E$1001="01",ER.H!V2:V1001))} -> 0.69314718 | R37: {=MEDIAN(IF(ER.H!$E$2:$E$1001="01",ER.H!W2:W1001))} -> 0.56563386 | S37: {=MEDIAN(IF(ER.H!$E$2:$E$1001="01",ER.H!X2:X1001))} -> 0.55164762 | T37: {=MEDIAN(IF(ER.H!$E$2:$E$1001="01",ER.H!Y2:Y1001))} -> 0.58160581 | U37: {=MEDIAN(IF(ER.H!$E$2:$E$1001="01",ER.H!Z2:Z1001))} -> 0.54300452
A38: DR.LM | B38: Q4 | C38: 0 | D38: =D6 -> 310 | E38: 0 | F38: 0 | G38: {=MEDIAN(IF(DR.LM!$E$2:$E$1001="01",DR.LM!H2:H1001))} -> 0.088804671 | I38: =COUNTIFS(DR.LM!O2:O1001,100,DR.LM!$E$2:$E$1001,"01")/$D$38 -> 0.91290323 | J38: =COUNTIFS(DR.LM!P2:P1001,100,DR.LM!$E$2:$E$1001,"01")/$D$38 -> 0.85483871 | K38: =COUNTIFS(DR.LM!Q2:Q1001,100,DR.LM!$E$2:$E$1001,"01")/$D$38 -> 0.90322581 | L38: =COUNTIFS(DR.LM!R2:R1001,100,DR.LM!$E$2:$E$1001,"01")/$D$38 -> 0.91935484 | M38: =COUNTIFS(DR.LM!S2:S1001,100,DR.LM!$E$2:$E$1001,"01")/$D$38 -> 0.89677419 | N38: =COUNTIFS(DR.LM!T2:T1001,100,DR.LM!$E$2:$E$1001,"01")/$D$38 -> 0.90645161 | P38: {=MEDIAN(IF(DR.LM!$E$2:$E$1001="01",DR.LM!U2:U1001))} -> 0.40571542 | Q38: {=MEDIAN(IF(DR.LM!$E$2:$E$1001="01",DR.LM!V2:V1001))} -> 0.37729423 | R38: {=MEDIAN(IF(DR.LM!$E$2:$E$1001="01",DR.LM!W2:W1001))} -> 0.11428915 | S38: {=MEDIAN(IF(DR.LM!$E$2:$E$1001="01",DR.LM!X2:X1001))} -> 0.13410315 | T38: {=MEDIAN(IF(DR.LM!$E$2:$E$1001="01",DR.LM!Y2:Y1001))} -> 0.10647224 | U38: {=MEDIAN(IF(DR.LM!$E$2:$E$1001="01",DR.LM!Z2:Z1001))} -> 0.086647807
A39: DR.LH | B39: Q5 | C39: 0 | D39: =D7 -> 407 | E39: 0 | F39: 0 | G39: {=MEDIAN(IF(DR.LH!$E$2:$E$1001="01",DR.LH!H2:H1001))} -> 0.091307818 | I39: =COUNTIFS(DR.LH!O2:O1001,100,DR.LH!$E$2:$E$1001,"01")/$D$39 -> 1 | J39: =COUNTIFS(DR.LH!P2:P1001,100,DR.LH!$E$2:$E$1001,"01")/$D$39 -> 0.98525799 | K39: =COUNTIFS(DR.LH!Q2:Q1001,100,DR.LH!$E$2:$E$1001,"01")/$D$39 -> 0.98280098 | L39: =COUNTIFS(DR.LH!R2:R1001,100,DR.LH!$E$2:$E$1001,"01")/$D$39 -> 0.98034398 | M39: =COUNTIFS(DR.LH!S2:S1001,100,DR.LH!$E$2:$E$1001,"01")/$D$39 -> 0.97297297 | N39: =COUNTIFS(DR.LH!T2:T1001,100,DR.LH!$E$2:$E$1001,"01")/$D$39 -> 0.96314496 | P39: {=MEDIAN(IF(DR.LH!$E$2:$E$1001="01",DR.LH!U2:U1001))} -> 0.19723217 | Q39: {=MEDIAN(IF(DR.LH!$E$2:$E$1001="01",DR.LH!V2:V1001))} -> 0.16251893 | R39: {=MEDIAN(IF(DR.LH!$E$2:$E$1001="01",DR.LH!W2:W1001))} -> 0.10092592 | S39: {=MEDIAN(IF(DR.LH!$E$2:$E$1001="01",DR.LH!X2:X1001))} -> 0.12216763 | T39: {=MEDIAN(IF(DR.LH!$E$2:$E$1001="01",DR.LH!Y2:Y1001))} -> 0.094310679 | U39: {=MEDIAN(IF(DR.LH!$E$2:$E$1001="01",DR.LH!Z2:Z1001))} -> 0.097612829
A40: DR.MH | B40: Q6 | C40: 0 | D40: =D8 -> 317 | E40: 0 | F40: 0 | G40: {=MEDIAN(IF(DR.MH!$E$2:$E$1001="01",DR.MH!H2:H1001))} -> 0.077807751 | I40: =COUNTIFS(DR.MH!O2:O1001,100,DR.MH!$E$2:$E$1001,"01")/$D$40 -> 0.9873817 | J40: =COUNTIFS(DR.MH!P2:P1001,100,DR.MH!$E$2:$E$1001,"01")/$D$40 -> 0.92429022 | K40: =COUNTIFS(DR.MH!Q2:Q1001,100,DR.MH!$E$2:$E$1001,"01")/$D$40 -> 0.89589905 | L40: =COUNTIFS(DR.MH!R2:R1001,100,DR.MH!$E$2:$E$1001,"01")/$D$40 -> 0.9022082 | M40: =COUNTIFS(DR.MH!S2:S1001,100,DR.MH!$E$2:$E$1001,"01")/$D$40 -> 0.85804416 | N40: =COUNTIFS(DR.MH!T2:T1001,100,DR.MH!$E$2:$E$1001,"01")/$D$40 -> 0.80126183 | P40: {=MEDIAN(IF(DR.MH!$E$2:$E$1001="01",DR.MH!U2:U1001))} -> 0.41551544 | Q40: {=MEDIAN(IF(DR.MH!$E$2:$E$1001="01",DR.MH!V2:V1001))} -> 0.42488319 | R40: {=MEDIAN(IF(DR.MH!$E$2:$E$1001="01",DR.MH!W2:W1001))} -> 0.26918749 | S40: {=MEDIAN(IF(DR.MH!$E$2:$E$1001="01",DR.MH!X2:X1001))} -> 0.31608155 | T40: {=MEDIAN(IF(DR.MH!$E$2:$E$1001="01",DR.MH!Y2:Y1001))} -> 0.25102875 | U40: {=MEDIAN(IF(DR.MH!$E$2:$E$1001="01",DR.MH!Z2:Z1001))} -> 0.27443685
A41: DEP1.L | B41: Q7 | C41: 0 | D41: =D9 -> 166 | E41: 0 | F41: 0 | G41: {=MEDIAN(IF('DEP1.L'!$E$2:$E$1001="01",'DEP1.L'!H2:H1001))} -> 0.090881829 | I41: =COUNTIFS('DEP1.L'!O2:O1001,100,'DEP1.L'!$E$2:$E$1001,"01")/$D$41 -> 0.46987952 | J41: =COUNTIFS('DEP1.L'!P2:P1001,100,'DEP1.L'!$E$2:$E$1001,"01")/$D$41 -> 0.3373494 | K41: =COUNTIFS('DEP1.L'!Q2:Q1001,100,'DEP1.L'!$E$2:$E$1001,"01")/$D$41 -> 0.77710843 | L41: =COUNTIFS('DEP1.L'!R2:R1001,100,'DEP1.L'!$E$2:$E$1001,"01")/$D$41 -> 0.75903614 | M41: =COUNTIFS('DEP1.L'!S2:S1001,100,'DEP1.L'!$E$2:$E$1001,"01")/$D$41 -> 0.77710843 | N41: =COUNTIFS('DEP1.L'!T2:T1001,100,'DEP1.L'!$E$2:$E$1001,"01")/$D$41 -> 0.77710843 | P41: {=MEDIAN(IF('DEP1.L'!$E$2:$E$1001="01",'DEP1.L'!U2:U1001))} -> 0.70927863 | Q41: {=MEDIAN(IF('DEP1.L'!$E$2:$E$1001="01",'DEP1.L'!V2:V1001))} -> 0.84308733 | R41: {=MEDIAN(IF('DEP1.L'!$E$2:$E$1001="01",'DEP1.L'!W2:W1001))} -> 0.16547297 | S41: {=MEDIAN(IF('DEP1.L'!$E$2:$E$1001="01",'DEP1.L'!X2:X1001))} -> 0.19784601 | T41: {=MEDIAN(IF('DEP1.L'!$E$2:$E$1001="01",'DEP1.L'!Y2:Y1001))} -> 0.1266983 | U41: {=MEDIAN(IF('DEP1.L'!$E$2:$E$1001="01",'DEP1.L'!Z2:Z1001))} -> 0.17258356
A42: DEP1.M | B42: Q8 | C42: 0 | D42: =D10 -> 232 | E42: 0 | F42: 0 | G42: {=MEDIAN(IF('DEP1.M'!$E$2:$E$1001="01",'DEP1.M'!H2:H1001))} -> 0.085042433 | I42: =COUNTIFS('DEP1.M'!O2:O1001,100,'DEP1.M'!$E$2:$E$1001,"01")/$D$42 -> 0.75862069 | J42: =COUNTIFS('DEP1.M'!P2:P1001,100,'DEP1.M'!$E$2:$E$1001,"01")/$D$42 -> 0.4612069 | K42: =COUNTIFS('DEP1.M'!Q2:Q1001,100,'DEP1.M'!$E$2:$E$1001,"01")/$D$42 -> 0.84913793 | L42: =COUNTIFS('DEP1.M'!R2:R1001,100,'DEP1.M'!$E$2:$E$1001,"01")/$D$42 -> 0.67672414 | M42: =COUNTIFS('DEP1.M'!S2:S1001,100,'DEP1.M'!$E$2:$E$1001,"01")/$D$42 -> 0.82758621 | N42: =COUNTIFS('DEP1.M'!T2:T1001,100,'DEP1.M'!$E$2:$E$1001,"01")/$D$42 -> 0.74568966 | P42: {=MEDIAN(IF('DEP1.M'!$E$2:$E$1001="01",'DEP1.M'!U2:U1001))} -> 0.55686956 | Q42: {=MEDIAN(IF('DEP1.M'!$E$2:$E$1001="01",'DEP1.M'!V2:V1001))} -> 0.71522207 | R42: {=MEDIAN(IF('DEP1.M'!$E$2:$E$1001="01",'DEP1.M'!W2:W1001))} -> 0.28236291 | S42: {=MEDIAN(IF('DEP1.M'!$E$2:$E$1001="01",'DEP1.M'!X2:X1001))} -> 0.39749805 | T42: {=MEDIAN(IF('DEP1.M'!$E$2:$E$1001="01",'DEP1.M'!Y2:Y1001))} -> 0.26461701 | U42: {=MEDIAN(IF('DEP1.M'!$E$2:$E$1001="01",'DEP1.M'!Z2:Z1001))} -> 0.35240749
A43: DEP1.H | B43: Q9 | C43: 0 | D43: =D11 -> 247 | E43: 0 | F43: 0 | G43: {=MEDIAN(IF('DEP1.H'!$E$2:$E$1001="01",'DEP1.H'!H2:H1001))} -> 0.075621388 | I43: =COUNTIFS('DEP1.H'!O2:O1001,100,'DEP1.H'!$E$2:$E$1001,"01")/$D$43 -> 0.90283401 | J43: =COUNTIFS('DEP1.H'!P2:P1001,100,'DEP1.H'!$E$2:$E$1001,"01")/$D$43 -> 0.50607287 | K43: =COUNTIFS('DEP1.H'!Q2:Q1001,100,'DEP1.H'!$E$2:$E$1001,"01")/$D$43 -> 0.82591093 | L43: =COUNTIFS('DEP1.H'!R2:R1001,100,'DEP1.H'!$E$2:$E$1001,"01")/$D$43 -> 0.63967611 | M43: =COUNTIFS('DEP1.H'!S2:S1001,100,'DEP1.H'!$E$2:$E$1001,"01")/$D$43 -> 0.74898785 | N43: =COUNTIFS('DEP1.H'!T2:T1001,100,'DEP1.H'!$E$2:$E$1001,"01")/$D$43 -> 0.65991903 | P43: {=MEDIAN(IF('DEP1.H'!$E$2:$E$1001="01",'DEP1.H'!U2:U1001))} -> 0.53614343 | Q43: {=MEDIAN(IF('DEP1.H'!$E$2:$E$1001="01",'DEP1.H'!V2:V1001))} -> 0.67787971 | R43: {=MEDIAN(IF('DEP1.H'!$E$2:$E$1001="01",'DEP1.H'!W2:W1001))} -> 0.40197122 | S43: {=MEDIAN(IF('DEP1.H'!$E$2:$E$1001="01",'DEP1.H'!X2:X1001))} -> 0.57803437 | T43: {=MEDIAN(IF('DEP1.H'!$E$2:$E$1001="01",'DEP1.H'!Y2:Y1001))} -> 0.40646561 | U43: {=MEDIAN(IF('DEP1.H'!$E$2:$E$1001="01",'DEP1.H'!Z2:Z1001))} -> 0.52424864
A44: DEP2.L | B44: Q10 | C44: 0 | D44: =D12 -> 199 | E44: 0 | F44: 0 | G44: {=MEDIAN(IF('DEP2.L'!$E$2:$E$1001="01",'DEP2.L'!H2:H1001))} -> 0.086660067 | I44: =COUNTIFS('DEP2.L'!O2:O1001,100,'DEP2.L'!$E$2:$E$1001,"01")/$D$44 -> 0.50753769 | J44: =COUNTIFS('DEP2.L'!P2:P1001,100,'DEP2.L'!$E$2:$E$1001,"01")/$D$44 -> 0.30653266 | K44: =COUNTIFS('DEP2.L'!Q2:Q1001,100,'DEP2.L'!$E$2:$E$1001,"01")/$D$44 -> 0.81407035 | L44: =COUNTIFS('DEP2.L'!R2:R1001,100,'DEP2.L'!$E$2:$E$1001,"01")/$D$44 -> 0.7638191 | M44: =COUNTIFS('DEP2.L'!S2:S1001,100,'DEP2.L'!$E$2:$E$1001,"01")/$D$44 -> 0.8040201 | N44: =COUNTIFS('DEP2.L'!T2:T1001,100,'DEP2.L'!$E$2:$E$1001,"01")/$D$44 -> 0.79396985 | P44: {=MEDIAN(IF('DEP2.L'!$E$2:$E$1001="01",'DEP2.L'!U2:U1001))} -> 0.66943065 | Q44: {=MEDIAN(IF('DEP2.L'!$E$2:$E$1001="01",'DEP2.L'!V2:V1001))} -> 0.88350091 | R44: {=MEDIAN(IF('DEP2.L'!$E$2:$E$1001="01",'DEP2.L'!W2:W1001))} -> 0.13124829 | S44: {=MEDIAN(IF('DEP2.L'!$E$2:$E$1001="01",'DEP2.L'!X2:X1001))} -> 0.24462258 | T44: {=MEDIAN(IF('DEP2.L'!$E$2:$E$1001="01",'DEP2.L'!Y2:Y1001))} -> 0.1120495 | U44: {=MEDIAN(IF('DEP2.L'!$E$2:$E$1001="01",'DEP2.L'!Z2:Z1001))} -> 0.14156356
A45: DEP2.M | B45: Q11 | C45: 0 | D45: =D13 -> 254 | E45: 0 | F45: 0 | G45: {=MEDIAN(IF('DEP2.M'!$E$2:$E$1001="01",'DEP2.M'!H2:H1001))} -> 0.071234394 | I45: =COUNTIFS('DEP2.M'!O2:O1001,100,'DEP2.M'!$E$2:$E$1001,"01")/$D$45 -> 0.84645669 | J45: =COUNTIFS('DEP2.M'!P2:P1001,100,'DEP2.M'!$E$2:$E$1001,"01")/$D$45 -> 0.41338583 | K45: =COUNTIFS('DEP2.M'!Q2:Q1001,100,'DEP2.M'!$E$2:$E$1001,"01")/$D$45 -> 0.7992126 | L45: =COUNTIFS('DEP2.M'!R2:R1001,100,'DEP2.M'!$E$2:$E$1001,"01")/$D$45 -> 0.72440945 | M45: =COUNTIFS('DEP2.M'!S2:S1001,100,'DEP2.M'!$E$2:$E$1001,"01")/$D$45 -> 0.78346457 | N45: =COUNTIFS('DEP2.M'!T2:T1001,100,'DEP2.M'!$E$2:$E$1001,"01")/$D$45 -> 0.72047244 | P45: {=MEDIAN(IF('DEP2.M'!$E$2:$E$1001="01",'DEP2.M'!U2:U1001))} -> 0.46840618 | Q45: {=MEDIAN(IF('DEP2.M'!$E$2:$E$1001="01",'DEP2.M'!V2:V1001))} -> 0.72131806 | R45: {=MEDIAN(IF('DEP2.M'!$E$2:$E$1001="01",'DEP2.M'!W2:W1001))} -> 0.21506695 | S45: {=MEDIAN(IF('DEP2.M'!$E$2:$E$1001="01",'DEP2.M'!X2:X1001))} -> 0.42617815 | T45: {=MEDIAN(IF('DEP2.M'!$E$2:$E$1001="01",'DEP2.M'!Y2:Y1001))} -> 0.21010565 | U45: {=MEDIAN(IF('DEP2.M'!$E$2:$E$1001="01",'DEP2.M'!Z2:Z1001))} -> 0.33271445
A46: DEP2.H | B46: Q12 | C46: 0 | D46: =D14 -> 238 | E46: 0 | F46: 0 | G46: {=MEDIAN(IF('DEP2.H'!$E$2:$E$1001="01",'DEP2.H'!H2:H1001))} -> 0.083382287 | I46: =COUNTIFS('DEP2.H'!O2:O1001,100,'DEP2.H'!$E$2:$E$1001,"01")/$D$46 -> 0.98319328 | J46: =COUNTIFS('DEP2.H'!P2:P1001,100,'DEP2.H'!$E$2:$E$1001,"01")/$D$46 -> 0.44957983 | K46: =COUNTIFS('DEP2.H'!Q2:Q1001,100,'DEP2.H'!$E$2:$E$1001,"01")/$D$46 -> 0.90336134 | L46: =COUNTIFS('DEP2.H'!R2:R1001,100,'DEP2.H'!$E$2:$E$1001,"01")/$D$46 -> 0.67226891 | M46: =COUNTIFS('DEP2.H'!S2:S1001,100,'DEP2.H'!$E$2:$E$1001,"01")/$D$46 -> 0.86134454 | N46: =COUNTIFS('DEP2.H'!T2:T1001,100,'DEP2.H'!$E$2:$E$1001,"01")/$D$46 -> 0.68487395 | P46: {=MEDIAN(IF('DEP2.H'!$E$2:$E$1001="01",'DEP2.H'!U2:U1001))} -> 0.44472582 | Q46: {=MEDIAN(IF('DEP2.H'!$E$2:$E$1001="01",'DEP2.H'!V2:V1001))} -> 0.70914752 | R46: {=MEDIAN(IF('DEP2.H'!$E$2:$E$1001="01",'DEP2.H'!W2:W1001))} -> 0.31951703 | S46: {=MEDIAN(IF('DEP2.H'!$E$2:$E$1001="01",'DEP2.H'!X2:X1001))} -> 0.58339632 | T46: {=MEDIAN(IF('DEP2.H'!$E$2:$E$1001="01",'DEP2.H'!Y2:Y1001))} -> 0.30857664 | U46: {=MEDIAN(IF('DEP2.H'!$E$2:$E$1001="01",'DEP2.H'!Z2:Z1001))} -> 0.51416592
A47: random | B47: random | C47: 0 | D47: =D15 -> 256 | E47: 0 | F47: 0 | G47: {=MEDIAN(IF(random!$E$2:$E$1001="01",random!H2:H1001))} -> 0.090657003 | I47: =COUNTIFS(random!O2:O1001,100,random!$E$2:$E$1001,"01")/$D$47 -> 0.48046875 | J47: =COUNTIFS(random!P2:P1001,100,random!$E$2:$E$1001,"01")/$D$47 -> 0.47265625 | K47: =COUNTIFS(random!Q2:Q1001,100,random!$E$2:$E$1001,"01")/$D$47 -> 0.48828125 | L47: =COUNTIFS(random!R2:R1001,100,random!$E$2:$E$1001,"01")/$D$47 -> 0.5 | M47: =COUNTIFS(random!S2:S1001,100,random!$E$2:$E$1001,"01")/$D$47 -> 0.515625 | N47: =COUNTIFS(random!T2:T1001,100,random!$E$2:$E$1001,"01")/$D$47 -> 0.53125 | P47: {=MEDIAN(IF(random!$E$2:$E$1001="01",random!U2:U1001))} -> 0.69514918 | Q47: {=MEDIAN(IF(random!$E$2:$E$1001="01",random!V2:V1001))} -> 0.69314718 | R47: {=MEDIAN(IF(random!$E$2:$E$1001="01",random!W2:W1001))} -> 0.7001723 | S47: {=MEDIAN(IF(random!$E$2:$E$1001="01",random!X2:X1001))} -> 0.69115715 | T47: {=MEDIAN(IF(random!$E$2:$E$1001="01",random!Y2:Y1001))} -> 0.69114918 | U47: {=MEDIAN(IF(random!$E$2:$E$1001="01",random!Z2:Z1001))} -> 0.68816013
A49: TRUE STATE OF TEST TAXON: 10
A50: scenario | B50: matrix | C50: test.00 | D50: test.01 | E50: test.10 | F50: test.11 | G50: terminal.std.med | I50: acc.bb | J50: acc.nb | K50: acc.ind | L50: acc.dep | M50: acc.ind.rj | N50: acc.dep.rj | P50: mll.bb | Q50: mll.nb | R50: mll.ind | S50: mll.dep | T50: mll.ind.rj | U50: mll.dep.rj
A51: ER.L | B51: Q1 | C51: 0 | D51: 0 | E51: =E3 -> 300 | F51: 0 | G51: {=MEDIAN(IF(ER.L!$E$2:$E$1001="10",ER.L!H2:H1001))} -> 0.086634521 | I51: =COUNTIFS(ER.L!O2:O1001,100,ER.L!$E$2:$E$1001,"10")/$E$51 -> 0.86666667 | J51: =COUNTIFS(ER.L!P2:P1001,100,ER.L!$E$2:$E$1001,"10")/$E$51 -> 0.83 | K51: =COUNTIFS(ER.L!Q2:Q1001,100,ER.L!$E$2:$E$1001,"10")/$E$51 -> 0.92333333 | L51: =COUNTIFS(ER.L!R2:R1001,100,ER.L!$E$2:$E$1001,"10")/$E$51 -> 0.91333333 | M51: =COUNTIFS(ER.L!S2:S1001,100,ER.L!$E$2:$E$1001,"10")/$E$51 -> 0.91 | N51: =COUNTIFS(ER.L!T2:T1001,100,ER.L!$E$2:$E$1001,"10")/$E$51 -> 0.9 | P51: {=MEDIAN(IF(ER.L!$E$2:$E$1001="10",ER.L!U2:U1001))} -> 0.42312004 | Q51: {=MEDIAN(IF(ER.L!$E$2:$E$1001="10",ER.L!V2:V1001))} -> 0.3687359 | R51: {=MEDIAN(IF(ER.L!$E$2:$E$1001="10",ER.L!W2:W1001))} -> 0.072033347 | S51: {=MEDIAN(IF(ER.L!$E$2:$E$1001="10",ER.L!X2:X1001))} -> 0.11149053 | T51: {=MEDIAN(IF(ER.L!$E$2:$E$1001="10",ER.L!Y2:Y1001))} -> 0.076341379 | U51: {=MEDIAN(IF(ER.L!$E$2:$E$1001="10",ER.L!Z2:Z1001))} -> 0.072033347
A52: ER.M | B52: Q2 | C52: 0 | D52: 0 | E52: =E4 -> 272 | F52: 0 | G52: {=MEDIAN(IF(ER.M!$E$2:$E$1001="10",ER.M!H2:H1001))} -> 0.092493361 | I52: =COUNTIFS(ER.M!O2:O1001,100,ER.M!$E$2:$E$1001,"10")/$E$52 -> 0.59926471 | J52: =COUNTIFS(ER.M!P2:P1001,100,ER.M!$E$2:$E$1001,"10")/$E$52 -> 0.57720588 | K52: =COUNTIFS(ER.M!Q2:Q1001,100,ER.M!$E$2:$E$1001,"10")/$E$52 -> 0.79044118 | L52: =COUNTIFS(ER.M!R2:R1001,100,ER.M!$E$2:$E$1001,"10")/$E$52 -> 0.76470588 | M52: =COUNTIFS(ER.M!S2:S1001,100,ER.M!$E$2:$E$1001,"10")/$E$52 -> 0.78308824 | N52: =COUNTIFS(ER.M!T2:T1001,100,ER.M!$E$2:$E$1001,"10")/$E$52 -> 0.76470588 | P52: {=MEDIAN(IF(ER.M!$E$2:$E$1001="10",ER.M!U2:U1001))} -> 0.63205252 | Q52: {=MEDIAN(IF(ER.M!$E$2:$E$1001="10",ER.M!V2:V1001))} -> 0.62860866 | R52: {=MEDIAN(IF(ER.M!$E$2:$E$1001="10",ER.M!W2:W1001))} -> 0.30517107 | S52: {=MEDIAN(IF(ER.M!$E$2:$E$1001="10",ER.M!X2:X1001))} -> 0.41098143 | T52: {=MEDIAN(IF(ER.M!$E$2:$E$1001="10",ER.M!Y2:Y1001))} -> 0.29773445 | U52: {=MEDIAN(IF(ER.M!$E$2:$E$1001="10",ER.M!Z2:Z1001))} -> 0.27905821
A53: ER.H | B53: Q3 | C53: 0 | D53: 0 | E53: =E5 -> 266 | F53: 0 | G53: {=MEDIAN(IF(ER.H!$E$2:$E$1001="10",ER.H!H2:H1001))} -> 0.074060259 | I53: =COUNTIFS(ER.H!O2:O1001,100,ER.H!$E$2:$E$1001,"10")/$E$53 -> 0.53383459 | J53: =COUNTIFS(ER.H!P2:P1001,100,ER.H!$E$2:$E$1001,"10")/$E$53 -> 0.47744361 | K53: =COUNTIFS(ER.H!Q2:Q1001,100,ER.H!$E$2:$E$1001,"10")/$E$53 -> 0.65037594 | L53: =COUNTIFS(ER.H!R2:R1001,100,ER.H!$E$2:$E$1001,"10")/$E$53 -> 0.65037594 | M53: =COUNTIFS(ER.H!S2:S1001,100,ER.H!$E$2:$E$1001,"10")/$E$53 -> 0.66541353 | N53: =COUNTIFS(ER.H!T2:T1001,100,ER.H!$E$2:$E$1001,"10")/$E$53 -> 0.64285714 | P53: {=MEDIAN(IF(ER.H!$E$2:$E$1001="10",ER.H!U2:U1001))} -> 0.68716511 | Q53: {=MEDIAN(IF(ER.H!$E$2:$E$1001="10",ER.H!V2:V1001))} -> 0.69314718 | R53: {=MEDIAN(IF(ER.H!$E$2:$E$1001="10",ER.H!W2:W1001))} -> 0.53956809 | S53: {=MEDIAN(IF(ER.H!$E$2:$E$1001="10",ER.H!X2:X1001))} -> 0.57893598 | T53: {=MEDIAN(IF(ER.H!$E$2:$E$1001="10",ER.H!Y2:Y1001))} -> 0.526786 | U53: {=MEDIAN(IF(ER.H!$E$2:$E$1001="10",ER.H!Z2:Z1001))} -> 0.53273626
A54: DR.LM | B54: Q4 | C54: 0 | D54: 0 | E54: =E6 -> 192 | F54: 0 | G54: {=MEDIAN(IF(DR.LM!$E$2:$E$1001="10",DR.LM!H2:H1001))} -> 0.10318674 | I54: =COUNTIFS(DR.LM!O2:O1001,100,DR.LM!$E$2:$E$1001,"10")/$E$54 -> 0.15625 | J54: =COUNTIFS(DR.LM!P2:P1001,100,DR.LM!$E$2:$E$1001,"10")/$E$54 -> 0.15625 | K54: =COUNTIFS(DR.LM!Q2:Q1001,100,DR.LM!$E$2:$E$1001,"10")/$E$54 -> 0.65104167 | L54: =COUNTIFS(DR.LM!R2:R1001,100,DR.LM!$E$2:$E$1001,"10")/$E$54 -> 0.61458333 | M54: =COUNTIFS(DR.LM!S2:S1001,100,DR.LM!$E$2:$E$1001,"10")/$E$54 -> 0.71875 | N54: =COUNTIFS(DR.LM!T2:T1001,100,DR.LM!$E$2:$E$1001,"10")/$E$54 -> 0.70833333 | P54: {=MEDIAN(IF(DR.LM!$E$2:$E$1001="10",DR.LM!U2:U1001))} -> 0.97551361 | Q54: {=MEDIAN(IF(DR.LM!$E$2:$E$1001="10",DR.LM!V2:V1001))} -> 0.99062242 | R54: {=MEDIAN(IF(DR.LM!$E$2:$E$1001="10",DR.LM!W2:W1001))} -> 0.42771189 | S54: {=MEDIAN(IF(DR.LM!$E$2:$E$1001="10",DR.LM!X2:X1001))} -> 0.47001515 | T54: {=MEDIAN(IF(DR.LM!$E$2:$E$1001="10",DR.LM!Y2:Y1001))} -> 0.34178658 | U54: {=MEDIAN(IF(DR.LM!$E$2:$E$1001="10",DR.LM!Z2:Z1001))} -> 0.34531218
A55: DR.LH | B55: Q5 | C55: 0 | D55: 0 | E55: =E7 -> 96 | F55: 0 | G55: {=MEDIAN(IF(DR.LH!$E$2:$E$1001="10",DR.LH!H2:H1001))} -> 0.082513566 | I55: =COUNTIFS(DR.LH!O2:O1001,100,DR.LH!$E$2:$E$1001,"10")/$E$55 -> 0 | J55: =COUNTIFS(DR.LH!P2:P1001,100,DR.LH!$E$2:$E$1001,"10")/$E$55 -> 0 | K55: =COUNTIFS(DR.LH!Q2:Q1001,100,DR.LH!$E$2:$E$1001,"10")/$E$55 -> 0.39583333 | L55: =COUNTIFS(DR.LH!R2:R1001,100,DR.LH!$E$2:$E$1001,"10")/$E$55 -> 0.38541667 | M55: =COUNTIFS(DR.LH!S2:S1001,100,DR.LH!$E$2:$E$1001,"10")/$E$55 -> 0.45833333 | N55: =COUNTIFS(DR.LH!T2:T1001,100,DR.LH!$E$2:$E$1001,"10")/$E$55 -> 0.45833333 | P55: {=MEDIAN(IF(DR.LH!$E$2:$E$1001="10",DR.LH!U2:U1001))} -> 1.5823122 | Q55: {=MEDIAN(IF(DR.LH!$E$2:$E$1001="10",DR.LH!V2:V1001))} -> 1.6292192 | R55: {=MEDIAN(IF(DR.LH!$E$2:$E$1001="10",DR.LH!W2:W1001))} -> 0.95727891 | S55: {=MEDIAN(IF(DR.LH!$E$2:$E$1001="10",DR.LH!X2:X1001))} -> 0.95973392 | T55: {=MEDIAN(IF(DR.LH!$E$2:$E$1001="10",DR.LH!Y2:Y1001))} -> 0.87618669 | U55: {=MEDIAN(IF(DR.LH!$E$2:$E$1001="10",DR.LH!Z2:Z1001))} -> 0.89930746
A56: DR.MH | B56: Q6 | C56: 0 | D56: 0 | E56: =E8 -> 158 | F56: 0 | G56: {=MEDIAN(IF(DR.MH!$E$2:$E$1001="10",DR.MH!H2:H1001))} -> 0.090961533 | I56: =COUNTIFS(DR.MH!O2:O1001,100,DR.MH!$E$2:$E$1001,"10")/$E$56 -> 0.03164557 | J56: =COUNTIFS(DR.MH!P2:P1001,100,DR.MH!$E$2:$E$1001,"10")/$E$56 -> 0.037974684 | K56: =COUNTIFS(DR.MH!Q2:Q1001,100,DR.MH!$E$2:$E$1001,"10")/$E$56 -> 0.48734177 | L56: =COUNTIFS(DR.MH!R2:R1001,100,DR.MH!$E$2:$E$1001,"10")/$E$56 -> 0.4556962 | M56: =COUNTIFS(DR.MH!S2:S1001,100,DR.MH!$E$2:$E$1001,"10")/$E$56 -> 0.5443038 | N56: =COUNTIFS(DR.MH!T2:T1001,100,DR.MH!$E$2:$E$1001,"10")/$E$56 -> 0.52531646 | P56: {=MEDIAN(IF(DR.MH!$E$2:$E$1001="10",DR.MH!U2:U1001))} -> 1.0832323 | Q56: {=MEDIAN(IF(DR.MH!$E$2:$E$1001="10",DR.MH!V2:V1001))} -> 1.0822086 | R56: {=MEDIAN(IF(DR.MH!$E$2:$E$1001="10",DR.MH!W2:W1001))} -> 0.74972257 | S56: {=MEDIAN(IF(DR.MH!$E$2:$E$1001="10",DR.MH!X2:X1001))} -> 0.79866575 | T56: {=MEDIAN(IF(DR.MH!$E$2:$E$1001="10",DR.MH!Y2:Y1001))} -> 0.59602212 | U56: {=MEDIAN(IF(DR.MH!$E$2:$E$1001="10",DR.MH!Z2:Z1001))} -> 0.65681572
A57: DEP1.L | B57: Q7 | C57: 0 | D57: 0 | E57: =E9 -> 214 | F57: 0 | G57: {=MEDIAN(IF('DEP1.L'!$E$2:$E$1001="10",'DEP1.L'!H2:H1001))} -> 0.086638775 | I57: =COUNTIFS('DEP1.L'!O2:O1001,100,'DEP1.L'!$E$2:$E$1001,"10")/$E$57 -> 0.79439252 | J57: =COUNTIFS('DEP1.L'!P2:P1001,100,'DEP1.L'!$E$2:$E$1001,"10")/$E$57 -> 0.54672897 | K57: =COUNTIFS('DEP1.L'!Q2:Q1001,100,'DEP1.L'!$E$2:$E$1001,"10")/$E$57 -> 0.93925234 | L57: =COUNTIFS('DEP1.L'!R2:R1001,100,'DEP1.L'!$E$2:$E$1001,"10")/$E$57 -> 0.81308411 | M57: =COUNTIFS('DEP1.L'!S2:S1001,100,'DEP1.L'!$E$2:$E$1001,"10")/$E$57 -> 0.93925234 | N57: =COUNTIFS('DEP1.L'!T2:T1001,100,'DEP1.L'!$E$2:$E$1001,"10")/$E$57 -> 0.86915888 | P57: {=MEDIAN(IF('DEP1.L'!$E$2:$E$1001="10",'DEP1.L'!U2:U1001))} -> 0.44316698 | Q57: {=MEDIAN(IF('DEP1.L'!$E$2:$E$1001="10",'DEP1.L'!V2:V1001))} -> 0.61518564 | R57: {=MEDIAN(IF('DEP1.L'!$E$2:$E$1001="10",'DEP1.L'!W2:W1001))} -> 0.097613437 | S57: {=MEDIAN(IF('DEP1.L'!$E$2:$E$1001="10",'DEP1.L'!X2:X1001))} -> 0.15431736 | T57: {=MEDIAN(IF('DEP1.L'!$E$2:$E$1001="10",'DEP1.L'!Y2:Y1001))} -> 0.080126044 | U57: {=MEDIAN(IF('DEP1.L'!$E$2:$E$1001="10",'DEP1.L'!Z2:Z1001))} -> 0.089377961
A58: DEP1.M | B58: Q8 | C58: 0 | D58: 0 | E58: =E10 -> 159 | F58: 0 | G58: {=MEDIAN(IF('DEP1.M'!$E$2:$E$1001="10",'DEP1.M'!H2:H1001))} -> 0.10262389 | I58: =COUNTIFS('DEP1.M'!O2:O1001,100,'DEP1.M'!$E$2:$E$1001,"10")/$E$58 -> 0.3836478 | J58: =COUNTIFS('DEP1.M'!P2:P1001,100,'DEP1.M'!$E$2:$E$1001,"10")/$E$58 -> 0.16981132 | K58: =COUNTIFS('DEP1.M'!Q2:Q1001,100,'DEP1.M'!$E$2:$E$1001,"10")/$E$58 -> 0.71698113 | L58: =COUNTIFS('DEP1.M'!R2:R1001,100,'DEP1.M'!$E$2:$E$1001,"10")/$E$58 -> 0.52201258 | M58: =COUNTIFS('DEP1.M'!S2:S1001,100,'DEP1.M'!$E$2:$E$1001,"10")/$E$58 -> 0.73584906 | N58: =COUNTIFS('DEP1.M'!T2:T1001,100,'DEP1.M'!$E$2:$E$1001,"10")/$E$58 -> 0.64779874 | P58: {=MEDIAN(IF('DEP1.M'!$E$2:$E$1001="10",'DEP1.M'!U2:U1001))} -> 0.74444047 | Q58: {=MEDIAN(IF('DEP1.M'!$E$2:$E$1001="10",'DEP1.M'!V2:V1001))} -> 1.0498221 | R58: {=MEDIAN(IF('DEP1.M'!$E$2:$E$1001="10",'DEP1.M'!W2:W1001))} -> 0.35382187 | S58: {=MEDIAN(IF('DEP1.M'!$E$2:$E$1001="10",'DEP1.M'!X2:X1001))} -> 0.6558514 | T58: {=MEDIAN(IF('DEP1.M'!$E$2:$E$1001="10",'DEP1.M'!Y2:Y1001))} -> 0.28369005 | U58: {=MEDIAN(IF('DEP1.M'!$E$2:$E$1001="10",'DEP1.M'!Z2:Z1001))} -> 0.40346711
A59: DEP1.H | B59: Q9 | C59: 0 | D59: 0 | E59: =E11 -> 152 | F59: 0 | G59: {=MEDIAN(IF('DEP1.H'!$E$2:$E$1001="10",'DEP1.H'!H2:H1001))} -> 0.10472127 | I59: =COUNTIFS('DEP1.H'!O2:O1001,100,'DEP1.H'!$E$2:$E$1001,"10")/$E$59 -> 0.11842105 | J59: =COUNTIFS('DEP1.H'!P2:P1001,100,'DEP1.H'!$E$2:$E$1001,"10")/$E$59 -> 0.013157895 | K59: =COUNTIFS('DEP1.H'!Q2:Q1001,100,'DEP1.H'!$E$2:$E$1001,"10")/$E$59 -> 0.42105263 | L59: =COUNTIFS('DEP1.H'!R2:R1001,100,'DEP1.H'!$E$2:$E$1001,"10")/$E$59 -> 0.27631579 | M59: =COUNTIFS('DEP1.H'!S2:S1001,100,'DEP1.H'!$E$2:$E$1001,"10")/$E$59 -> 0.48684211 | N59: =COUNTIFS('DEP1.H'!T2:T1001,100,'DEP1.H'!$E$2:$E$1001,"10")/$E$59 -> 0.36842105 | P59: {=MEDIAN(IF('DEP1.H'!$E$2:$E$1001="10",'DEP1.H'!U2:U1001))} -> 0.85920246 | Q59: {=MEDIAN(IF('DEP1.H'!$E$2:$E$1001="10",'DEP1.H'!V2:V1001))} -> 1.1631508 | R59: {=MEDIAN(IF('DEP1.H'!$E$2:$E$1001="10",'DEP1.H'!W2:W1001))} -> 0.75715478 | S59: {=MEDIAN(IF('DEP1.H'!$E$2:$E$1001="10",'DEP1.H'!X2:X1001))} -> 1.0384743 | T59: {=MEDIAN(IF('DEP1.H'!$E$2:$E$1001="10",'DEP1.H'!Y2:Y1001))} -> 0.70927863 | U59: {=MEDIAN(IF('DEP1.H'!$E$2:$E$1001="10",'DEP1.H'!Z2:Z1001))} -> 0.94546294
A60: DEP2.L | B60: Q10 | C60: 0 | D60: 0 | E60: =E12 -> 72 | F60: 0 | G60: {=MEDIAN(IF('DEP2.L'!$E$2:$E$1001="10",'DEP2.L'!H2:H1001))} -> 0.087126906 | I60: =COUNTIFS('DEP2.L'!O2:O1001,100,'DEP2.L'!$E$2:$E$1001,"10")/$E$60 -> 0.77777778 | J60: =COUNTIFS('DEP2.L'!P2:P1001,100,'DEP2.L'!$E$2:$E$1001,"10")/$E$60 -> 0.22222222 | K60: =COUNTIFS('DEP2.L'!Q2:Q1001,100,'DEP2.L'!$E$2:$E$1001,"10")/$E$60 -> 0.93055556 | L60: =COUNTIFS('DEP2.L'!R2:R1001,100,'DEP2.L'!$E$2:$E$1001,"10")/$E$60 -> 0.59722222 | M60: =COUNTIFS('DEP2.L'!S2:S1001,100,'DEP2.L'!$E$2:$E$1001,"10")/$E$60 -> 0.94444444 | N60: =COUNTIFS('DEP2.L'!T2:T1001,100,'DEP2.L'!$E$2:$E$1001,"10")/$E$60 -> 0.70833333 | P60: {=MEDIAN(IF('DEP2.L'!$E$2:$E$1001="10",'DEP2.L'!U2:U1001))} -> 0.48288626 | Q60: {=MEDIAN(IF('DEP2.L'!$E$2:$E$1001="10",'DEP2.L'!V2:V1001))} -> 1.252763 | R60: {=MEDIAN(IF('DEP2.L'!$E$2:$E$1001="10",'DEP2.L'!W2:W1001))} -> 0.12556579 | S60: {=MEDIAN(IF('DEP2.L'!$E$2:$E$1001="10",'DEP2.L'!X2:X1001))} -> 0.46371629 | T60: {=MEDIAN(IF('DEP2.L'!$E$2:$E$1001="10",'DEP2.L'!Y2:Y1001))} -> 0.096513326 | U60: {=MEDIAN(IF('DEP2.L'!$E$2:$E$1001="10",'DEP2.L'!Z2:Z1001))} -> 0.18512838
A61: DEP2.M | B61: Q11 | C61: 0 | D61: 0 | E61: =E13 -> 39 | F61: 0 | G61: {=MEDIAN(IF('DEP2.M'!$E$2:$E$1001="10",'DEP2.M'!H2:H1001))} -> 0.058313413 | I61: =COUNTIFS('DEP2.M'!O2:O1001,100,'DEP2.M'!$E$2:$E$1001,"10")/$E$61 -> 0.20512821 | J61: =COUNTIFS('DEP2.M'!P2:P1001,100,'DEP2.M'!$E$2:$E$1001,"10")/$E$61 -> 0 | K61: =COUNTIFS('DEP2.M'!Q2:Q1001,100,'DEP2.M'!$E$2:$E$1001,"10")/$E$61 -> 0.69230769 | L61: =COUNTIFS('DEP2.M'!R2:R1001,100,'DEP2.M'!$E$2:$E$1001,"10")/$E$61 -> 0.33333333 | M61: =COUNTIFS('DEP2.M'!S2:S1001,100,'DEP2.M'!$E$2:$E$1001,"10")/$E$61 -> 0.71794872 | N61: =COUNTIFS('DEP2.M'!T2:T1001,100,'DEP2.M'!$E$2:$E$1001,"10")/$E$61 -> 0.46153846 | P61: {=MEDIAN(IF('DEP2.M'!$E$2:$E$1001="10",'DEP2.M'!U2:U1001))} -> 0.83932969 | Q61: {=MEDIAN(IF('DEP2.M'!$E$2:$E$1001="10",'DEP2.M'!V2:V1001))} -> 2.0794415 | R61: {=MEDIAN(IF('DEP2.M'!$E$2:$E$1001="10",'DEP2.M'!W2:W1001))} -> 0.26787945 | S61: {=MEDIAN(IF('DEP2.M'!$E$2:$E$1001="10",'DEP2.M'!X2:X1001))} -> 1.8078889 | T61: {=MEDIAN(IF('DEP2.M'!$E$2:$E$1001="10",'DEP2.M'!Y2:Y1001))} -> 0.23572233 | U61: {=MEDIAN(IF('DEP2.M'!$E$2:$E$1001="10",'DEP2.M'!Z2:Z1001))} -> 0.74023879
A62: DEP2.H | B62: Q12 | C62: 0 | D62: 0 | E62: =E14 -> 40 | F62: 0 | G62: {=MEDIAN(IF('DEP2.H'!$E$2:$E$1001="10",'DEP2.H'!H2:H1001))} -> 0.066997958 | I62: =COUNTIFS('DEP2.H'!O2:O1001,100,'DEP2.H'!$E$2:$E$1001,"10")/$E$62 -> 0 | J62: =COUNTIFS('DEP2.H'!P2:P1001,100,'DEP2.H'!$E$2:$E$1001,"10")/$E$62 -> 0 | K62: =COUNTIFS('DEP2.H'!Q2:Q1001,100,'DEP2.H'!$E$2:$E$1001,"10")/$E$62 -> 0.35 | L62: =COUNTIFS('DEP2.H'!R2:R1001,100,'DEP2.H'!$E$2:$E$1001,"10")/$E$62 -> 0.125 | M62: =COUNTIFS('DEP2.H'!S2:S1001,100,'DEP2.H'!$E$2:$E$1001,"10")/$E$62 -> 0.4 | N62: =COUNTIFS('DEP2.H'!T2:T1001,100,'DEP2.H'!$E$2:$E$1001,"10")/$E$62 -> 0.225 | P62: {=MEDIAN(IF('DEP2.H'!$E$2:$E$1001="10",'DEP2.H'!U2:U1001))} -> 1.0010329 | Q62: {=MEDIAN(IF('DEP2.H'!$E$2:$E$1001="10",'DEP2.H'!V2:V1001))} -> 2.2512918 | R62: {=MEDIAN(IF('DEP2.H'!$E$2:$E$1001="10",'DEP2.H'!W2:W1001))} -> 0.93681893 | S62: {=MEDIAN(IF('DEP2.H'!$E$2:$E$1001="10",'DEP2.H'!X2:X1001))} -> 2.1373939 | T62: {=MEDIAN(IF('DEP2.H'!$E$2:$E$1001="10",'DEP2.H'!Y2:Y1001))} -> 0.71952489 | U62: {=MEDIAN(IF('DEP2.H'!$E$2:$E$1001="10",'DEP2.H'!Z2:Z1001))} -> 1.7489643
A63: random | B63: random | C63: 0 | D63: 0 | E63: =E15 -> 261 | F63: 0 | G63: {=MEDIAN(IF(random!$E$2:$E$1001="10",random!H2:H1001))} -> 0.083493463 | I63: =COUNTIFS(random!O2:O1001,100,random!$E$2:$E$1001,"10")/$E$63 -> 0.49425287 | J63: =COUNTIFS(random!P2:P1001,100,random!$E$2:$E$1001,"10")/$E$63 -> 0.49425287 | K63: =COUNTIFS(random!Q2:Q1001,100,random!$E$2:$E$1001,"10")/$E$63 -> 0.54022989 | L63: =COUNTIFS(random!R2:R1001,100,random!$E$2:$E$1001,"10")/$E$63 -> 0.52873563 | M63: =COUNTIFS(random!S2:S1001,100,random!$E$2:$E$1001,"10")/$E$63 -> 0.52873563 | N63: =COUNTIFS(random!T2:T1001,100,random!$E$2:$E$1001,"10")/$E$63 -> 0.51340996 | P63: {=MEDIAN(IF(random!$E$2:$E$1001="10",random!U2:U1001))} -> 0.69314718 | Q63: {=MEDIAN(IF(random!$E$2:$E$1001="10",random!V2:V1001))} -> 0.69314718 | R63: {=MEDIAN(IF(random!$E$2:$E$1001="10",random!W2:W1001))} -> 0.68121861 | S63: {=MEDIAN(IF(random!$E$2:$E$1001="10",random!X2:X1001))} -> 0.67727383 | T63: {=MEDIAN(IF(random!$E$2:$E$1001="10",random!Y2:Y1001))} -> 0.68716511 | U63: {=MEDIAN(IF(random!$E$2:$E$1001="10",random!Z2:Z1001))} -> 0.68915516
A65: TRUE STATE OF TEST TAXON: 11
A66: scenario | B66: matrix | C66: test.00 | D66: test.01 | E66: test.10 | F66: test.11 | G66: terminal.std.med | I66: acc.bb | J66: acc.nb | K66: acc.ind | L66: acc.dep | M66: acc.ind.rj | N66: acc.dep.rj | P66: mll.bb | Q66: mll.nb | R66: mll.ind | S66: mll.dep | T66: mll.ind.rj | U66: mll.dep.rj
A67: ER.L | B67: Q1 | C67: 0 | D67: 0 | E67: 0 | F67: =F3 -> 200 | G67: {=MEDIAN(IF(ER.L!$E$2:$E$1001="11",ER.L!H2:H1001))} -> 0.085639964 | I67: =COUNTIFS(ER.L!O2:O1001,100,ER.L!$E$2:$E$1001,"11")/$F$67 -> 0.305 | J67: =COUNTIFS(ER.L!P2:P1001,100,ER.L!$E$2:$E$1001,"11")/$F$67 -> 0.41 | K67: =COUNTIFS(ER.L!Q2:Q1001,100,ER.L!$E$2:$E$1001,"11")/$F$67 -> 0.85 | L67: =COUNTIFS(ER.L!R2:R1001,100,ER.L!$E$2:$E$1001,"11")/$F$67 -> 0.79 | M67: =COUNTIFS(ER.L!S2:S1001,100,ER.L!$E$2:$E$1001,"11")/$F$67 -> 0.855 | N67: =COUNTIFS(ER.L!T2:T1001,100,ER.L!$E$2:$E$1001,"11")/$F$67 -> 0.85 | P67: {=MEDIAN(IF(ER.L!$E$2:$E$1001="11",ER.L!U2:U1001))} -> 0.86631716 | Q67: {=MEDIAN(IF(ER.L!$E$2:$E$1001="11",ER.L!V2:V1001))} -> 0.81384568 | R67: {=MEDIAN(IF(ER.L!$E$2:$E$1001="11",ER.L!W2:W1001))} -> 0.13983711 | S67: {=MEDIAN(IF(ER.L!$E$2:$E$1001="11",ER.L!X2:X1001))} -> 0.20272855 | T67: {=MEDIAN(IF(ER.L!$E$2:$E$1001="11",ER.L!Y2:Y1001))} -> 0.093761531 | U67: {=MEDIAN(IF(ER.L!$E$2:$E$1001="11",ER.L!Z2:Z1001))} -> 0.095410185
A68: ER.M | B68: Q2 | C68: 0 | D68: 0 | E68: 0 | F68: =F4 -> 228 | G68: {=MEDIAN(IF(ER.M!$E$2:$E$1001="11",ER.M!H2:H1001))} -> 0.071756133 | I68: =COUNTIFS(ER.M!O2:O1001,100,ER.M!$E$2:$E$1001,"11")/$F$68 -> 0.43421053 | J68: =COUNTIFS(ER.M!P2:P1001,100,ER.M!$E$2:$E$1001,"11")/$F$68 -> 0.45614035 | K68: =COUNTIFS(ER.M!Q2:Q1001,100,ER.M!$E$2:$E$1001,"11")/$F$68 -> 0.75 | L68: =COUNTIFS(ER.M!R2:R1001,100,ER.M!$E$2:$E$1001,"11")/$F$68 -> 0.76315789 | M68: =COUNTIFS(ER.M!S2:S1001,100,ER.M!$E$2:$E$1001,"11")/$F$68 -> 0.76754386 | N68: =COUNTIFS(ER.M!T2:T1001,100,ER.M!$E$2:$E$1001,"11")/$F$68 -> 0.75 | P68: {=MEDIAN(IF(ER.M!$E$2:$E$1001="11",ER.M!U2:U1001))} -> 0.72154877 | Q68: {=MEDIAN(IF(ER.M!$E$2:$E$1001="11",ER.M!V2:V1001))} -> 0.73088751 | R68: {=MEDIAN(IF(ER.M!$E$2:$E$1001="11",ER.M!W2:W1001))} -> 0.29842874 | S68: {=MEDIAN(IF(ER.M!$E$2:$E$1001="11",ER.M!X2:X1001))} -> 0.34108285 | T68: {=MEDIAN(IF(ER.M!$E$2:$E$1001="11",ER.M!Y2:Y1001))} -> 0.2491028 | U68: {=MEDIAN(IF(ER.M!$E$2:$E$1001="11",ER.M!Z2:Z1001))} -> 0.23952703
A69: ER.H | B69: Q3 | C69: 0 | D69: 0 | E69: 0 | F69: =F5 -> 234 | G69: {=MEDIAN(IF(ER.H!$E$2:$E$1001="11",ER.H!H2:H1001))} -> 0.089162477 | I69: =COUNTIFS(ER.H!O2:O1001,100,ER.H!$E$2:$E$1001,"11")/$F$69 -> 0.55555556 | J69: =COUNTIFS(ER.H!P2:P1001,100,ER.H!$E$2:$E$1001,"11")/$F$69 -> 0.50854701 | K69: =COUNTIFS(ER.H!Q2:Q1001,100,ER.H!$E$2:$E$1001,"11")/$F$69 -> 0.70512821 | L69: =COUNTIFS(ER.H!R2:R1001,100,ER.H!$E$2:$E$1001,"11")/$F$69 -> 0.63675214 | M69: =COUNTIFS(ER.H!S2:S1001,100,ER.H!$E$2:$E$1001,"11")/$F$69 -> 0.71794872 | N69: =COUNTIFS(ER.H!T2:T1001,100,ER.H!$E$2:$E$1001,"11")/$F$69 -> 0.68376068 | P69: {=MEDIAN(IF(ER.H!$E$2:$E$1001="11",ER.H!U2:U1001))} -> 0.67825905 | Q69: {=MEDIAN(IF(ER.H!$E$2:$E$1001="11",ER.H!V2:V1001))} -> 0.67512868 | R69: {=MEDIAN(IF(ER.H!$E$2:$E$1001="11",ER.H!W2:W1001))} -> 0.526786 | S69: {=MEDIAN(IF(ER.H!$E$2:$E$1001="11",ER.H!X2:X1001))} -> 0.59239891 | T69: {=MEDIAN(IF(ER.H!$E$2:$E$1001="11",ER.H!Y2:Y1001))} -> 0.5183627 | U69: {=MEDIAN(IF(ER.H!$E$2:$E$1001="11",ER.H!Z2:Z1001))} -> 0.52680321
A70: DR.LM | B70: Q4 | C70: 0 | D70: 0 | E70: 0 | F70: =F6 -> 308 | G70: {=MEDIAN(IF(DR.LM!$E$2:$E$1001="11",DR.LM!H2:H1001))} -> 0.08069507 | I70: =COUNTIFS(DR.LM!O2:O1001,100,DR.LM!$E$2:$E$1001,"11")/$F$70 -> 0.92532468 | J70: =COUNTIFS(DR.LM!P2:P1001,100,DR.LM!$E$2:$E$1001,"11")/$F$70 -> 0.91233766 | K70: =COUNTIFS(DR.LM!Q2:Q1001,100,DR.LM!$E$2:$E$1001,"11")/$F$70 -> 0.92857143 | L70: =COUNTIFS(DR.LM!R2:R1001,100,DR.LM!$E$2:$E$1001,"11")/$F$70 -> 0.92207792 | M70: =COUNTIFS(DR.LM!S2:S1001,100,DR.LM!$E$2:$E$1001,"11")/$F$70 -> 0.91558442 | N70: =COUNTIFS(DR.LM!T2:T1001,100,DR.LM!$E$2:$E$1001,"11")/$F$70 -> 0.91233766 | P70: {=MEDIAN(IF(DR.LM!$E$2:$E$1001="11",DR.LM!U2:U1001))} -> 0.36816932 | Q70: {=MEDIAN(IF(DR.LM!$E$2:$E$1001="11",DR.LM!V2:V1001))} -> 0.36942224 | R70: {=MEDIAN(IF(DR.LM!$E$2:$E$1001="11",DR.LM!W2:W1001))} -> 0.0965109 | S70: {=MEDIAN(IF(DR.LM!$E$2:$E$1001="11",DR.LM!X2:X1001))} -> 0.10591638 | T70: {=MEDIAN(IF(DR.LM!$E$2:$E$1001="11",DR.LM!Y2:Y1001))} -> 0.081210055 | U70: {=MEDIAN(IF(DR.LM!$E$2:$E$1001="11",DR.LM!Z2:Z1001))} -> 0.084469157
A71: DR.LH | B71: Q5 | C71: 0 | D71: 0 | E71: 0 | F71: =F7 -> 404 | G71: {=MEDIAN(IF(DR.LH!$E$2:$E$1001="11",DR.LH!H2:H1001))} -> 0.081404012 | I71: =COUNTIFS(DR.LH!O2:O1001,100,DR.LH!$E$2:$E$1001,"11")/$F$71 -> 1 | J71: =COUNTIFS(DR.LH!P2:P1001,100,DR.LH!$E$2:$E$1001,"11")/$F$71 -> 1 | K71: =COUNTIFS(DR.LH!Q2:Q1001,100,DR.LH!$E$2:$E$1001,"11")/$F$71 -> 0.96782178 | L71: =COUNTIFS(DR.LH!R2:R1001,100,DR.LH!$E$2:$E$1001,"11")/$F$71 -> 0.97524752 | M71: =COUNTIFS(DR.LH!S2:S1001,100,DR.LH!$E$2:$E$1001,"11")/$F$71 -> 0.96039604 | N71: =COUNTIFS(DR.LH!T2:T1001,100,DR.LH!$E$2:$E$1001,"11")/$F$71 -> 0.96039604 | P71: {=MEDIAN(IF(DR.LH!$E$2:$E$1001="11",DR.LH!U2:U1001))} -> 0.19845094 | Q71: {=MEDIAN(IF(DR.LH!$E$2:$E$1001="11",DR.LH!V2:V1001))} -> 0.19328131 | R71: {=MEDIAN(IF(DR.LH!$E$2:$E$1001="11",DR.LH!W2:W1001))} -> 0.092663835 | S71: {=MEDIAN(IF(DR.LH!$E$2:$E$1001="11",DR.LH!X2:X1001))} -> 0.097613437 | T71: {=MEDIAN(IF(DR.LH!$E$2:$E$1001="11",DR.LH!Y2:Y1001))} -> 0.081752649 | U71: {=MEDIAN(IF(DR.LH!$E$2:$E$1001="11",DR.LH!Z2:Z1001))} -> 0.083381609
A72: DR.MH | B72: Q6 | C72: 0 | D72: 0 | E72: 0 | F72: =F8 -> 342 | G72: {=MEDIAN(IF(DR.MH!$E$2:$E$1001="11",DR.MH!H2:H1001))} -> 0.096416609 | I72: =COUNTIFS(DR.MH!O2:O1001,100,DR.MH!$E$2:$E$1001,"11")/$F$72 -> 0.98245614 | J72: =COUNTIFS(DR.MH!P2:P1001,100,DR.MH!$E$2:$E$1001,"11")/$F$72 -> 0.97076023 | K72: =COUNTIFS(DR.MH!Q2:Q1001,100,DR.MH!$E$2:$E$1001,"11")/$F$72 -> 0.92982456 | L72: =COUNTIFS(DR.MH!R2:R1001,100,DR.MH!$E$2:$E$1001,"11")/$F$72 -> 0.94152047 | M72: =COUNTIFS(DR.MH!S2:S1001,100,DR.MH!$E$2:$E$1001,"11")/$F$72 -> 0.91812865 | N72: =COUNTIFS(DR.MH!T2:T1001,100,DR.MH!$E$2:$E$1001,"11")/$F$72 -> 0.9005848 | P72: {=MEDIAN(IF(DR.MH!$E$2:$E$1001="11",DR.MH!U2:U1001))} -> 0.40496523 | Q72: {=MEDIAN(IF(DR.MH!$E$2:$E$1001="11",DR.MH!V2:V1001))} -> 0.39422868 | R72: {=MEDIAN(IF(DR.MH!$E$2:$E$1001="11",DR.MH!W2:W1001))} -> 0.28103753 | S72: {=MEDIAN(IF(DR.MH!$E$2:$E$1001="11",DR.MH!X2:X1001))} -> 0.2843545 | T72: {=MEDIAN(IF(DR.MH!$E$2:$E$1001="11",DR.MH!Y2:Y1001))} -> 0.25102875 | U72: {=MEDIAN(IF(DR.MH!$E$2:$E$1001="11",DR.MH!Z2:Z1001))} -> 0.26722798
A73: DEP1.L | B73: Q7 | C73: 0 | D73: 0 | E73: 0 | F73: =F9 -> 286 | G73: {=MEDIAN(IF('DEP1.L'!$E$2:$E$1001="11",'DEP1.L'!H2:H1001))} -> 0.078192985 | I73: =COUNTIFS('DEP1.L'!O2:O1001,100,'DEP1.L'!$E$2:$E$1001,"11")/$F$73 -> 0.36713287 | J73: =COUNTIFS('DEP1.L'!P2:P1001,100,'DEP1.L'!$E$2:$E$1001,"11")/$F$73 -> 0.6993007 | K73: =COUNTIFS('DEP1.L'!Q2:Q1001,100,'DEP1.L'!$E$2:$E$1001,"11")/$F$73 -> 0.89160839 | L73: =COUNTIFS('DEP1.L'!R2:R1001,100,'DEP1.L'!$E$2:$E$1001,"11")/$F$73 -> 0.87762238 | M73: =COUNTIFS('DEP1.L'!S2:S1001,100,'DEP1.L'!$E$2:$E$1001,"11")/$F$73 -> 0.88811189 | N73: =COUNTIFS('DEP1.L'!T2:T1001,100,'DEP1.L'!$E$2:$E$1001,"11")/$F$73 -> 0.9020979 | P73: {=MEDIAN(IF('DEP1.L'!$E$2:$E$1001="11",'DEP1.L'!U2:U1001))} -> 0.7940731 | Q73: {=MEDIAN(IF('DEP1.L'!$E$2:$E$1001="11",'DEP1.L'!V2:V1001))} -> 0.4656746 | R73: {=MEDIAN(IF('DEP1.L'!$E$2:$E$1001="11",'DEP1.L'!W2:W1001))} -> 0.10591638 | S73: {=MEDIAN(IF('DEP1.L'!$E$2:$E$1001="11",'DEP1.L'!X2:X1001))} -> 0.11709593 | T73: {=MEDIAN(IF('DEP1.L'!$E$2:$E$1001="11",'DEP1.L'!Y2:Y1001))} -> 0.07526263 | U73: {=MEDIAN(IF('DEP1.L'!$E$2:$E$1001="11",'DEP1.L'!Z2:Z1001))} -> 0.058689559
A74: DEP1.M | B74: Q8 | C74: 0 | D74: 0 | E74: 0 | F74: =F10 -> 341 | G74: {=MEDIAN(IF('DEP1.M'!$E$2:$E$1001="11",'DEP1.M'!H2:H1001))} -> 0.086617529 | I74: =COUNTIFS('DEP1.M'!O2:O1001,100,'DEP1.M'!$E$2:$E$1001,"11")/$F$74 -> 0.7888563 | J74: =COUNTIFS('DEP1.M'!P2:P1001,100,'DEP1.M'!$E$2:$E$1001,"11")/$F$74 -> 0.93548387 | K74: =COUNTIFS('DEP1.M'!Q2:Q1001,100,'DEP1.M'!$E$2:$E$1001,"11")/$F$74 -> 0.86217009 | L74: =COUNTIFS('DEP1.M'!R2:R1001,100,'DEP1.M'!$E$2:$E$1001,"11")/$F$74 -> 0.92082111 | M74: =COUNTIFS('DEP1.M'!S2:S1001,100,'DEP1.M'!$E$2:$E$1001,"11")/$F$74 -> 0.84457478 | N74: =COUNTIFS('DEP1.M'!T2:T1001,100,'DEP1.M'!$E$2:$E$1001,"11")/$F$74 -> 0.90615836 | P74: {=MEDIAN(IF('DEP1.M'!$E$2:$E$1001="11",'DEP1.M'!U2:U1001))} -> 0.56563386 | Q74: {=MEDIAN(IF('DEP1.M'!$E$2:$E$1001="11",'DEP1.M'!V2:V1001))} -> 0.35667494 | R74: {=MEDIAN(IF('DEP1.M'!$E$2:$E$1001="11",'DEP1.M'!W2:W1001))} -> 0.23193206 | S74: {=MEDIAN(IF('DEP1.M'!$E$2:$E$1001="11",'DEP1.M'!X2:X1001))} -> 0.18152188 | T74: {=MEDIAN(IF('DEP1.M'!$E$2:$E$1001="11",'DEP1.M'!Y2:Y1001))} -> 0.22439433 | U74: {=MEDIAN(IF('DEP1.M'!$E$2:$E$1001="11",'DEP1.M'!Z2:Z1001))} -> 0.15082289
A75: DEP1.H | B75: Q9 | C75: 0 | D75: 0 | E75: 0 | F75: =F11 -> 348 | G75: {=MEDIAN(IF('DEP1.H'!$E$2:$E$1001="11",'DEP1.H'!H2:H1001))} -> 0.080209517 | I75: =COUNTIFS('DEP1.H'!O2:O1001,100,'DEP1.H'!$E$2:$E$1001,"11")/$F$75 -> 0.86494253 | J75: =COUNTIFS('DEP1.H'!P2:P1001,100,'DEP1.H'!$E$2:$E$1001,"11")/$F$75 -> 0.97701149 | K75: =COUNTIFS('DEP1.H'!Q2:Q1001,100,'DEP1.H'!$E$2:$E$1001,"11")/$F$75 -> 0.88218391 | L75: =COUNTIFS('DEP1.H'!R2:R1001,100,'DEP1.H'!$E$2:$E$1001,"11")/$F$75 -> 0.97126437 | M75: =COUNTIFS('DEP1.H'!S2:S1001,100,'DEP1.H'!$E$2:$E$1001,"11")/$F$75 -> 0.81896552 | N75: =COUNTIFS('DEP1.H'!T2:T1001,100,'DEP1.H'!$E$2:$E$1001,"11")/$F$75 -> 0.92241379 | P75: {=MEDIAN(IF('DEP1.H'!$E$2:$E$1001="11",'DEP1.H'!U2:U1001))} -> 0.56036607 | Q75: {=MEDIAN(IF('DEP1.H'!$E$2:$E$1001="11",'DEP1.H'!V2:V1001))} -> 0.34627624 | R75: {=MEDIAN(IF('DEP1.H'!$E$2:$E$1001="11",'DEP1.H'!W2:W1001))} -> 0.40197122 | S75: {=MEDIAN(IF('DEP1.H'!$E$2:$E$1001="11",'DEP1.H'!X2:X1001))} -> 0.26918749 | T75: {=MEDIAN(IF('DEP1.H'!$E$2:$E$1001="11",'DEP1.H'!Y2:Y1001))} -> 0.37979843 | U75: {=MEDIAN(IF('DEP1.H'!$E$2:$E$1001="11",'DEP1.H'!Z2:Z1001))} -> 0.26136561
A76: DEP2.L | B76: Q10 | C76: 0 | D76: 0 | E76: 0 | F76: =F12 -> 424 | G76: {=MEDIAN(IF('DEP2.L'!$E$2:$E$1001="11",'DEP2.L'!H2:H1001))} -> 0.091319536 | I76: =COUNTIFS('DEP2.L'!O2:O1001,100,'DEP2.L'!$E$2:$E$1001,"11")/$F$76 -> 0.44575472 | J76: =COUNTIFS('DEP2.L'!P2:P1001,100,'DEP2.L'!$E$2:$E$1001,"11")/$F$76 -> 0.95283019 | K76: =COUNTIFS('DEP2.L'!Q2:Q1001,100,'DEP2.L'!$E$2:$E$1001,"11")/$F$76 -> 0.89622642 | L76: =COUNTIFS('DEP2.L'!R2:R1001,100,'DEP2.L'!$E$2:$E$1001,"11")/$F$76 -> 0.96933962 | M76: =COUNTIFS('DEP2.L'!S2:S1001,100,'DEP2.L'!$E$2:$E$1001,"11")/$F$76 -> 0.9009434 | N76: =COUNTIFS('DEP2.L'!T2:T1001,100,'DEP2.L'!$E$2:$E$1001,"11")/$F$76 -> 0.97169811 | P76: {=MEDIAN(IF('DEP2.L'!$E$2:$E$1001="11",'DEP2.L'!U2:U1001))} -> 0.75608755 | Q76: {=MEDIAN(IF('DEP2.L'!$E$2:$E$1001="11",'DEP2.L'!V2:V1001))} -> 0.048790164 | R76: {=MEDIAN(IF('DEP2.L'!$E$2:$E$1001="11",'DEP2.L'!W2:W1001))} -> 0.091567344 | S76: {=MEDIAN(IF('DEP2.L'!$E$2:$E$1001="11",'DEP2.L'!X2:X1001))} -> 0.027371197 | T76: {=MEDIAN(IF('DEP2.L'!$E$2:$E$1001="11",'DEP2.L'!Y2:Y1001))} -> 0.080126631 | U76: {=MEDIAN(IF('DEP2.L'!$E$2:$E$1001="11",'DEP2.L'!Z2:Z1001))} -> 0.011060947
A77: DEP2.M | B77: Q11 | C77: 0 | D77: 0 | E77: 0 | F77: =F13 -> 461 | G77: {=MEDIAN(IF('DEP2.M'!$E$2:$E$1001="11",'DEP2.M'!H2:H1001))} -> 0.085552233 | I77: =COUNTIFS('DEP2.M'!O2:O1001,100,'DEP2.M'!$E$2:$E$1001,"11")/$F$77 -> 0.84164859 | J77: =COUNTIFS('DEP2.M'!P2:P1001,100,'DEP2.M'!$E$2:$E$1001,"11")/$F$77 -> 1 | K77: =COUNTIFS('DEP2.M'!Q2:Q1001,100,'DEP2.M'!$E$2:$E$1001,"11")/$F$77 -> 0.93492408 | L77: =COUNTIFS('DEP2.M'!R2:R1001,100,'DEP2.M'!$E$2:$E$1001,"11")/$F$77 -> 0.99566161 | M77: =COUNTIFS('DEP2.M'!S2:S1001,100,'DEP2.M'!$E$2:$E$1001,"11")/$F$77 -> 0.9175705 | N77: =COUNTIFS('DEP2.M'!T2:T1001,100,'DEP2.M'!$E$2:$E$1001,"11")/$F$77 -> 0.98698482 | P77: {=MEDIAN(IF('DEP2.M'!$E$2:$E$1001="11",'DEP2.M'!U2:U1001))} -> 0.50087529 | Q77: {=MEDIAN(IF('DEP2.M'!$E$2:$E$1001="11",'DEP2.M'!V2:V1001))} -> 0.068992871 | R77: {=MEDIAN(IF('DEP2.M'!$E$2:$E$1001="11",'DEP2.M'!W2:W1001))} -> 0.19237189 | S77: {=MEDIAN(IF('DEP2.M'!$E$2:$E$1001="11",'DEP2.M'!X2:X1001))} -> 0.03978087 | T77: {=MEDIAN(IF('DEP2.M'!$E$2:$E$1001="11",'DEP2.M'!Y2:Y1001))} -> 0.17673718 | U77: {=MEDIAN(IF('DEP2.M'!$E$2:$E$1001="11",'DEP2.M'!Z2:Z1001))} -> 0.026343975
A78: DEP2.H | B78: Q12 | C78: 0 | D78: 0 | E78: 0 | F78: =F14 -> 460 | G78: {=MEDIAN(IF('DEP2.H'!$E$2:$E$1001="11",'DEP2.H'!H2:H1001))} -> 0.073813714 | I78: =COUNTIFS('DEP2.H'!O2:O1001,100,'DEP2.H'!$E$2:$E$1001,"11")/$F$78 -> 0.97608696 | J78: =COUNTIFS('DEP2.H'!P2:P1001,100,'DEP2.H'!$E$2:$E$1001,"11")/$F$78 -> 1 | K78: =COUNTIFS('DEP2.H'!Q2:Q1001,100,'DEP2.H'!$E$2:$E$1001,"11")/$F$78 -> 0.94565217 | L78: =COUNTIFS('DEP2.H'!R2:R1001,100,'DEP2.H'!$E$2:$E$1001,"11")/$F$78 -> 0.99565217 | M78: =COUNTIFS('DEP2.H'!S2:S1001,100,'DEP2.H'!$E$2:$E$1001,"11")/$F$78 -> 0.92173913 | N78: =COUNTIFS('DEP2.H'!T2:T1001,100,'DEP2.H'!$E$2:$E$1001,"11")/$F$78 -> 0.99347826 | P78: {=MEDIAN(IF('DEP2.H'!$E$2:$E$1001="11",'DEP2.H'!U2:U1001))} -> 0.45020131 | Q78: {=MEDIAN(IF('DEP2.H'!$E$2:$E$1001="11",'DEP2.H'!V2:V1001))} -> 0.064538521 | R78: {=MEDIAN(IF('DEP2.H'!$E$2:$E$1001="11",'DEP2.H'!W2:W1001))} -> 0.29638855 | S78: {=MEDIAN(IF('DEP2.H'!$E$2:$E$1001="11",'DEP2.H'!X2:X1001))} -> 0.051293294 | T78: {=MEDIAN(IF('DEP2.H'!$E$2:$E$1001="11",'DEP2.H'!Y2:Y1001))} -> 0.27115299 | U78: {=MEDIAN(IF('DEP2.H'!$E$2:$E$1001="11",'DEP2.H'!Z2:Z1001))} -> 0.037701867
A79: random | B79: random | C79: 0 | D79: 0 | E79: 0 | F79: =F15 -> 239 | G79: {=MEDIAN(IF(random!$E$2:$E$1001="11",random!H2:H1001))} -> 0.087539265 | I79: =COUNTIFS(random!O2:O1001,100,random!$E$2:$E$1001,"11")/$F$79 -> 0.50209205 | J79: =COUNTIFS(random!P2:P1001,100,random!$E$2:$E$1001,"11")/$F$79 -> 0.45606695 | K79: =COUNTIFS(random!Q2:Q1001,100,random!$E$2:$E$1001,"11")/$F$79 -> 0.52301255 | L79: =COUNTIFS(random!R2:R1001,100,random!$E$2:$E$1001,"11")/$F$79 -> 0.51046025 | M79: =COUNTIFS(random!S2:S1001,100,random!$E$2:$E$1001,"11")/$F$79 -> 0.46443515 | N79: =COUNTIFS(random!T2:T1001,100,random!$E$2:$E$1001,"11")/$F$79 -> 0.49790795 | P79: {=MEDIAN(IF(random!$E$2:$E$1001="11",random!U2:U1001))} -> 0.69114918 | Q79: {=MEDIAN(IF(random!$E$2:$E$1001="11",random!V2:V1001))} -> 0.69314718 | R79: {=MEDIAN(IF(random!$E$2:$E$1001="11",random!W2:W1001))} -> 0.68716511 | S79: {=MEDIAN(IF(random!$E$2:$E$1001="11",random!X2:X1001))} -> 0.68716511 | T79: {=MEDIAN(IF(random!$E$2:$E$1001="11",random!Y2:Y1001))} -> 0.69514918 | U79: {=MEDIAN(IF(random!$E$2:$E$1001="11",random!Z2:Z1001))} -> 0.69314718

Sheet ER.L
A1: trial | B1: taxon | C1: x | D1: y | E1: xy | F1: terminal | G1: height | H1: terminal.std | I1: p.bb | J1: p.nb | K1: p.ind.b | L1: p.dep.b | M1: p.ind.rj | N1: p.dep.rj | O1: c.bb | P1: c.nb | Q1: c.ind.b | R1: c.dep.b | S1: c.ind.rj | T1: c.dep.rj | U1: ll.bb | V1: ll.nb | W1: ll.ind.b | X1: ll.dep.b | Y1: ll.ind.rj | Z1: ll.dep.rj
A2: 855 | B2: 47 | C2: 0 | D2: 0 | E2: =_xlfn.CONCAT(C2,D2) -> 00 | F2: 0.0023719153 | G2: 31.816479 | H2: =F2/G2 -> 7.4549898e-05 | I2: 0.281 | J2: 0.27272727 | K2: 0.001 | L2: 0.001 | M2: 0.001 | N2: 0 | O2: 100 | P2: 100 | Q2: 100 | R2: 100 | S2: 100 | T2: 100 | U2: 0.32989392 | V2: 0.31845373 | W2: 0.0010005003 | X2: 0.0010005003 | Y2: 0.0010005003 | Z2: 1.000005e-05
A3: 921 | B3: 29 | C3: 0 | D3: 0 | E3: =_xlfn.CONCAT(C3,D3) -> 00 | F3: 0.0045319638 | G3: 26.011342 | H3: =F3/G3 -> 0.00017423029 | I3: 0.201 | J3: 0.23188406 | K3: 0 | L3: 0 | M3: 0 | N3: 0 | O3: 100 | P3: 100 | Q3: 100 | R3: 100 | S3: 100 | T3: 100 | U3: 0.22439433 | V3: 0.26381459 | W3: 1.000005e-05 | X3: 1.000005e-05 | Y3: 1.000005e-05 | Z3: 1.000005e-05
A4: 651 | B4: 88 | C4: 0 | D4: 0 | E4: =_xlfn.CONCAT(C4,D4) -> 00 | F4: 0.01910717 | G4: 25.279355 | H4: =F4/G4 -> 0.0007558409 | I4: 0.408 | J4: 0.43037975 | K4: 0 | L4: 0 | M4: 0 | N4: 0 | O4: 100 | P4: 100 | Q4: 100 | R4: 100 | S4: 100 | T4: 100 | U4: 0.52424864 | V4: 0.56278536 | W4: 1.000005e-05 | X4: 1.000005e-05 | Y4: 1.000005e-05 | Z4: 1.000005e-05
A5: 425 | B5: 31 | C5: 0 | D5: 0 | E5: =_xlfn.CONCAT(C5,D5) -> 00 | F5: 0.021055937 | G5: 25.093414 | H5: =F5/G5 -> 0.00083910211 | I5: 0.321 | J5: 0.28571429 | K5: 0 | L5: 0 | M5: 0 | N5: 0 | O5: 100 | P5: 100 | Q5: 100 | R5: 100 | S5: 100 | T5: 100 | U5: 0.38713415 | V5: 0.33647224 | W5: 1.000005e-05 | X5: 1.000005e-05 | Y5: 1.000005e-05 | Z5: 1.000005e-05
A6: 295 | B6: 75 | C6: 0 | D6: 0 | E6: =_xlfn.CONCAT(C6,D6) -> 00 | F6: 0.028489165 | G6: 27.147045 | H6: =F6/G6 -> 0.0010494389 | I6: 0.134 | J6: 0.19047619 | K6: 0 | L6: 0 | M6: 0 | N6: 0.001 | O6: 100 | P6: 100 | Q6: 100 | R6: 100 | S6: 100 | T6: 100 | U6: 0.14387037 | V6: 0.21130909 | W6: 1.000005e-05 | X6: 1.000005e-05 | Y6: 1.000005e-05 | Z6: 0.0010005003
A7: 63 | B7: 62 | C7: 0 | D7: 0 | E7: =_xlfn.CONCAT(C7,D7) -> 00 | F7: 0.04567293 | G7: 30.850488 | H7: =F7/G7 -> 0.0014804605 | I7: 0.131 | J7: 0.17391304 | K7: 0.002 | L7: 0 | M7: 0.002 | N7: 0.001 | O7: 100 | P7: 100 | Q7: 100 | R7: 100 | S7: 100 | T7: 100 | U7: 0.14041215 | V7: 0.19105524 | W7: 0.0020020027 | X7: 1.000005e-05 | Y7: 0.0020020027 | Z7: 0.0010005003
A8: 403 | B8: 46 | C8: 0 | D8: 0 | E8: =_xlfn.CONCAT(C8,D8) -> 00 | F8: 0.043587619 | G8: 29.28151 | H8: =F8/G8 -> 0.0014885714 | I8: 0.367 | J8: 0.30136986 | K8: 0.004 | L8: 0 | M8: 0.002 | N8: 0.001 | O8: 100 | P8: 100 | Q8: 100 | R8: 100 | S8: 100 | T8: 100 | U8: 0.45728486 | V8: 0.35863381 | W8: 0.0040080214 | X8: 1.000005e-05 | Y8: 0.0020020027 | Z8: 0.0010005003
A9: 619 | B9: 81 | C9: 0 | D9: 0 | E9: =_xlfn.CONCAT(C9,D9) -> 00 | F9: 0.059106745 | G9: 36.413223 | H9: =F9/G9 -> 0.001623222 | I9: 0.271 | J9: 0.17857143 | K9: 0.001 | L9: 0.051 | M9: 0.003 | N9: 0.004 | O9: 100 | P9: 100 | Q9: 100 | R9: 100 | S9: 100 | T9: 100 | U9: 0.31608155 | V9: 0.19671029 | W9: 0.0010005003 | X9: 0.05234648 | Y9: 0.003004509 | Z9: 0.0040080214
A10: 589 | B10: 2 | C10: 0 | D10: 0 | E10: =_xlfn.CONCAT(C10,D10) -> 00 | F10: 0.065587221 | G10: 32.487462 | H10: =F10/G10 -> 0.0020188472 | I10: 0.288 | J10: 0.25 | K10: 0.001 | L10: 0.001 | M10: 0.001 | N10: 0.001 | O10: 100 | P10: 100 | Q10: 100 | R10: 100 | S10: 100 | T10: 100 | U10: 0.33967737 | V10: 0.28768207 | W10: 0.0010005003 | X10: 0.0010005003 | Y10: 0.0010005003 | Z10: 0.0010005003
A11: 269 | B11: 17 | C11: 0 | D11: 0 | E11: =_xlfn.CONCAT(C11,D11) -> 00 | F11: 0.059058583 | G11: 25.606691 | H11: =F11/G11 -> 0.002306373 | I11: 0.401 | J11: 0.36708861 | K11: 0.003 | L11: 0.001 | M11: 0.002 | N11: 0 | O11: 100 | P11: 100 | Q11: 100 | R11: 100 | S11: 100 | T11: 100 | U11: 0.51249368 | V11: 0.45742485 | W11: 0.003004509 | X11: 0.0010005003 | Y11: 0.0020020027 | Z11: 1.000005e-05
A12: 357 | B12: 92 | C12: 0 | D12: 0 | E12: =_xlfn.CONCAT(C12,D12) -> 00 | F12: 0.075635665 | G12: 29.70223 | H12: =F12/G12 -> 0.0025464642 | I12: 0.296 | J12: 0.30188679 | K12: 0.001 | L12: 0.004 | M12: 0.002 | N12: 0.005 | O12: 100 | P12: 100 | Q12: 100 | R12: 100 | S12: 100 | T12: 100 | U12: 0.35097692 | V12: 0.359374 | W12: 0.0010005003 | X12: 0.0040080214 | Y12: 0.0020020027 | Z12: 0.0050125418
A13: 137 | B13: 1 | C13: 0 | D13: 0 | E13: =_xlfn.CONCAT(C13,D13) -> 00 | F13: 0.073285223 | G13: 20.891452 | H13: =F13/G13 -> 0.0035079046 | I13: 0.382 | J13: 0.28358209 | K13: 0 | L13: 0.001 | M13: 0.004 | N13: 0.002 | O13: 100 | P13: 100 | Q13: 100 | R13: 100 | S13: 100 | T13: 100 | U13: 0.48126682 | V13: 0.33349161 | W13: 1.000005e-05 | X13: 0.0010005003 | Y13: 0.0040080214 | Z13: 0.0020020027
... A1001: 6 | B1001: 21 | C1001: 1 | D1001: 1 | E1001: =_xlfn.CONCAT(C1001,D1001) -> 11 | F1001: 19.783078 | G1001: 26.218072 | H1001: =F1001/G1001 -> 0.75455881 | I1001: 0.132 | J1001: 0.057142857 | K1001: 0.138 | L1001: 0.043 | M1001: 0.152 | N1001: 0.079 | O1001: 0 | P1001: 0 | Q1001: 0 | R1001: 0 | S1001: 0 | T1001: 0 | U1001: 2.0249534 | V1001: 2.8622009 | W1001: 1.9805016 | X1001: 3.1465552 | Y1001: 1.8838748 | Z1001: 2.5383074

Sheet ER.M
A1: trial | B1: taxon | C1: x | D1: y | E1: xy | F1: terminal | G1: height | H1: terminal.std | I1: p.bb | J1: p.nb | K1: p.ind.b | L1: p.dep.b | M1: p.ind.rj | N1: p.dep.rj | O1: c.bb | P1: c.nb | Q1: c.ind.b | R1: c.dep.b | S1: c.ind.rj | T1: c.dep.rj | U1: ll.bb | V1: ll.nb | W1: ll.ind.b | X1: ll.dep.b | Y1: ll.ind.rj | Z1: ll.dep.rj
A2: 811 | B2: 94 | C2: 0 | D2: 0 | E2: =_xlfn.CONCAT(C2,D2) -> 00 | F2: 0.0013172775 | G2: 38.649754 | H2: =F2/G2 -> 3.408243e-05 | I2: 0.469 | J2: 0.53448276 | K2: 0 | L2: 0 | M2: 0 | N2: 0 | O2: 100 | P2: 0 | Q2: 100 | R2: 100 | S2: 100 | T2: 100 | U2: 0.63299326 | V2: 0.76460614 | W2: 1.000005e-05 | X2: 1.000005e-05 | Y2: 1.000005e-05 | Z2: 1.000005e-05
A3: 291 | B3: 14 | C3: 0 | D3: 0 | E3: =_xlfn.CONCAT(C3,D3) -> 00 | F3: 0.028477796 | G3: 29.564687 | H3: =F3/G3 -> 0.00096323685 | I3: 0.461 | J3: 0.5 | K3: 0.003 | L3: 0.004 | M3: 0.002 | N3: 0.003 | O3: 100 | P3: 0 | Q3: 100 | R3: 100 | S3: 100 | T3: 100 | U3: 0.61803971 | V3: 0.69314718 | W3: 0.003004509 | X3: 0.0040080214 | Y3: 0.0020020027 | Z3: 0.003004509
A4: 169 | B4: 75 | C4: 0 | D4: 0 | E4: =_xlfn.CONCAT(C4,D4) -> 00 | F4: 0.054753185 | G4: 24.574409 | H4: =F4/G4 -> 0.002228057 | I4: 0.328 | J4: 0.25531915 | K4: 0.003 | L4: 0.003 | M4: 0.006 | N4: 0 | O4: 100 | P4: 100 | Q4: 100 | R4: 100 | S4: 100 | T4: 100 | U4: 0.39749694 | V4: 0.29479954 | W4: 0.003004509 | X4: 0.003004509 | Y4: 0.0060180723 | Z4: 1.000005e-05
A5: 255 | B5: 39 | C5: 0 | D5: 0 | E5: =_xlfn.CONCAT(C5,D5) -> 00 | F5: 0.15652631 | G5: 32.615511 | H5: =F5/G5 -> 0.0047991373 | I5: 0.374 | J5: 0.35897436 | K5: 0.005 | L5: 0.015 | M5: 0.009 | N5: 0.025 | O5: 100 | P5: 100 | Q5: 100 | R5: 100 | S5: 100 | T5: 100 | U5: 0.46840491 | V5: 0.44468582 | W5: 0.0050125418 | X5: 0.015113638 | Y5: 0.0090407447 | Z5: 0.025317808
A6: 897 | B6: 45 | C6: 0 | D6: 0 | E6: =_xlfn.CONCAT(C6,D6) -> 00 | F6: 0.13818406 | G6: 28.613857 | H6: =F6/G6 -> 0.0048292708 | I6: 0.453 | J6: 0.58333333 | K6: 0.019 | L6: 0.014 | M6: 0.017 | N6: 0.017 | O6: 100 | P6: 0 | Q6: 100 | R6: 100 | S6: 100 | T6: 100 | U6: 0.60330648 | V6: 0.87546874 | W6: 0.019182819 | X6: 0.014098924 | Y6: 0.017146159 | Z6: 0.017146159
A7: 71 | B7: 97 | C7: 0 | D7: 0 | E7: =_xlfn.CONCAT(C7,D7) -> 00 | F7: 0.13343366 | G7: 25.41962 | H7: =F7/G7 -> 0.0052492389 | I7: 0.434 | J7: 0.43636364 | K7: 0.023 | L7: 0.007 | M7: 0.014 | N7: 0.02 | O7: 100 | P7: 100 | Q7: 100 | R7: 100 | S7: 100 | T7: 100 | U7: 0.5691612 | V7: 0.57334598 | W7: 0.023268627 | X7: 0.0070246149 | Y7: 0.014098924 | Z7: 0.020202707
A8: 433 | B8: 90 | C8: 0 | D8: 0 | E8: =_xlfn.CONCAT(C8,D8) -> 00 | F8: 0.16701016 | G8: 30.843167 | H8: =F8/G8 -> 0.0054148189 | I8: 0.513 | J8: 0.43181818 | K8: 0.03 | L8: 0.008 | M8: 0.028 | N8: 0 | O8: 0 | P8: 100 | Q8: 100 | R8: 100 | S8: 100 | T8: 100 | U8: 0.71949116 | V8: 0.56531381 | W8: 0.030459207 | X8: 0.0080321717 | Y8: 0.028399475 | Z8: 1.000005e-05
A9: 313 | B9: 97 | C9: 0 | D9: 0 | E9: =_xlfn.CONCAT(C9,D9) -> 00 | F9: 0.21908932 | G9: 39.497567 | H9: =F9/G9 -> 0.0055469068 | I9: 0.568 | J9: 0.7755102 | K9: 0.055 | L9: 0.161 | M9: 0.039 | N9: 0.097 | O9: 0 | P9: 0 | Q9: 100 | R9: 100 | S9: 100 | T9: 100 | U9: 0.83932969 | V9: 1.493925 | W9: 0.056570351 | X9: 0.17554457 | Y9: 0.03978087 | Z9: 0.10203273
A10: 623 | B10: 37 | C10: 0 | D10: 0 | E10: =_xlfn.CONCAT(C10,D10) -> 00 | F10: 0.25202013 | G10: 35.139309 | H10: =F10/G10 -> 0.0071720286 | I10: 0.466 | J10: 0.55555556 | K10: 0.026 | L10: 0.054 | M10: 0.033 | N10: 0.024 | O10: 100 | P10: 0 | Q10: 100 | R10: 100 | S10: 100 | T10: 100 | U10: 0.62735944 | V10: 0.81093022 | W10: 0.026343975 | X10: 0.05551271 | Y10: 0.033556784 | Z10: 0.024292693
A11: 815 | B11: 48 | C11: 0 | D11: 0 | E11: =_xlfn.CONCAT(C11,D11) -> 00 | F11: 0.221909 | G11: 30.438062 | H11: =F11/G11 -> 0.0072905103 | I11: 0.46 | J11: 0.53488372 | K11: 0.074 | L11: 0.086 | M11: 0.032 | N11: 0.053 | O11: 100 | P11: 0 | Q11: 100 | R11: 100 | S11: 100 | T11: 100 | U11: 0.61618614 | V11: 0.76546784 | W11: 0.076881044 | X11: 0.089924708 | Y11: 0.032523192 | Z11: 0.054456186
A12: 697 | B12: 77 | C12: 0 | D12: 0 | E12: =_xlfn.CONCAT(C12,D12) -> 00 | F12: 0.24021386 | G12: 27.357649 | H12: =F12/G12 -> 0.0087805008 | I12: 0.578 | J12: 0.56756757 | K12: 0.029 | L12: 0.032 | M12: 0.034 | N12: 0.022 | O12: 0 | P12: 0 | Q12: 100 | R12: 100 | S12: 100 | T12: 100 | U12: 0.86274996 | V12: 0.83832919 | W12: 0.029428811 | X12: 0.032523192 | Y12: 0.034591445 | Z12: 0.022245609
A13: 345 | B13: 82 | C13: 0 | D13: 0 | E13: =_xlfn.CONCAT(C13,D13) -> 00 | F13: 0.31881357 | G13: 34.107635 | H13: =F13/G13 -> 0.0093472786 | I13: 0.469 | J13: 0.47368421 | K13: 0.276 | L13: 0.295 | M13: 0.285 | N13: 0.285 | O13: 100 | P13: 100 | Q13: 100 | R13: 100 | S13: 100 | T13: 100 | U13: 0.63299326 | V13: 0.64185389 | W13: 0.32296389 | X13: 0.34955748 | Y13: 0.33547274 | Z13: 0.33547274
... A1001: 592 | B1001: 78 | C1001: 1 | D1001: 1 | E1001: =_xlfn.CONCAT(C1001,D1001) -> 11 | F1001: 15.973769 | G1001: 26.675776 | H1001: =F1001/G1001 -> 0.59881177 | I1001: 0.63 | J1001: 0.60714286 | K1001: 0.575 | L1001: 0.608 | M1001: 0.496 | N1001: 0.498 | O1001: 100 | P1001: 100 | Q1001: 100 | R1001: 100 | S1001: 0 | T1001: 0 | U1001: 0.46203546 | V1001: 0.49899117 | W1001: 0.55338524 | X1001: 0.4975804 | Y1001: 0.70117935 | Z1001: 0.6971552

Sheet ER.H
A1: trial | B1: taxon | C1: x | D1: y | E1: xy | F1: terminal | G1: height | H1: terminal.std | I1: p.bb | J1: p.nb | K1: p.ind.b | L1: p.dep.b | M1: p.ind.rj | N1: p.dep.rj | O1: c.bb | P1: c.nb | Q1: c.ind.b | R1: c.dep.b | S1: c.ind.rj | T1: c.dep.rj | U1: ll.bb | V1: ll.nb | W1: ll.ind.b | X1: ll.dep.b | Y1: ll.ind.rj | Z1: ll.dep.rj
A2: 25 | B2: 92 | C2: 0 | D2: 0 | E2: =_xlfn.CONCAT(C2,D2) -> 00 | F2: 0.079358275 | G2: 43.063355 | H2: =F2/G2 -> 0.0018428261 | I2: 0.526 | J2: 0.41509434 | K2: 0.01 | L2: 0.013 | M2: 0.007 | N2: 0.008 | O2: 0 | P2: 100 | Q2: 100 | R2: 100 | S2: 100 | T2: 100 | U2: 0.74654796 | V2: 0.53630471 | W2: 0.010050336 | X2: 0.01308524 | Y2: 0.0070246149 | Z2: 0.0080321717
A3: 301 | B3: 56 | C3: 0 | D3: 0 | E3: =_xlfn.CONCAT(C3,D3) -> 00 | F3: 0.076532401 | G3: 36.737888 | H3: =F3/G3 -> 0.0020832009 | I3: 0.496 | J3: 0.57142857 | K3: 0.024 | L3: 0.16 | M3: 0.022 | N3: 0.018 | O3: 100 | P3: 0 | Q3: 100 | R3: 100 | S3: 100 | T3: 100 | U3: 0.68517901 | V3: 0.84729786 | W3: 0.024292693 | X3: 0.17435339 | Y3: 0.022245609 | Z3: 0.018163971
A4: 79 | B4: 94 | C4: 0 | D4: 0 | E4: =_xlfn.CONCAT(C4,D4) -> 00 | F4: 0.060558665 | G4: 26.841268 | H4: =F4/G4 -> 0.0022561775 | I4: 0.484 | J4: 0.48979592 | K4: 0.059 | L4: 0.114 | M4: 0.024 | N4: 0.038 | O4: 100 | P4: 100 | Q4: 100 | R4: 100 | S4: 100 | T4: 100 | U4: 0.66164851 | V4: 0.67294447 | W4: 0.060812139 | X4: 0.12103833 | Y4: 0.024292693 | Z4: 0.038740828
A5: 531 | B5: 94 | C5: 0 | D5: 0 | E5: =_xlfn.CONCAT(C5,D5) -> 00 | F5: 0.061435769 | G5: 26.269854 | H5: =F5/G5 -> 0.0023386415 | I5: 0.497 | J5: 0.4047619 | K5: 0.013 | L5: 0.036 | M5: 0.007 | N5: 0.012 | O5: 100 | P5: 100 | Q5: 100 | R5: 100 | S5: 100 | T5: 100 | U5: 0.68716511 | V5: 0.51879379 | W5: 0.01308524 | X5: 0.036663984 | Y5: 0.0070246149 | Z5: 0.012072581
A6: 479 | B6: 57 | C6: 0 | D6: 0 | E6: =_xlfn.CONCAT(C6,D6) -> 00 | F6: 0.084026036 | G6: 32.20593 | H6: =F6/G6 -> 0.0026090237 | I6: 0.534 | J6: 0.45238095 | K6: 0.049 | L6: 0.133 | M6: 0.015 | N6: 0.023 | O6: 0 | P6: 100 | Q6: 100 | R6: 100 | S6: 100 | T6: 100 | U6: 0.76356964 | V6: 0.6021754 | W6: 0.050241216 | X6: 0.1427163 | Y6: 0.015113638 | Z6: 0.023268627
A7: 981 | B7: 44 | C7: 0 | D7: 0 | E7: =_xlfn.CONCAT(C7,D7) -> 00 | F7: 0.083354727 | G7: 30.205808 | H7: =F7/G7 -> 0.0027595596 | I7: 0.538 | J7: 0.4375 | K7: 0.033 | L7: 0.058 | M7: 0.026 | N7: 0.025 | O7: 0 | P7: 100 | Q7: 100 | R7: 100 | S7: 100 | T7: 100 | U7: 0.77219039 | V7: 0.57536414 | W7: 0.033556784 | X7: 0.059750004 | Y7: 0.026343975 | Z7: 0.025317808
A8: 333 | B8: 13 | C8: 0 | D8: 0 | E8: =_xlfn.CONCAT(C8,D8) -> 00 | F8: 0.085956574 | G8: 29.401696 | H8: =F8/G8 -> 0.0029235243 | I8: 0.454 | J8: 0.45098039 | K8: 0.083 | L8: 0.176 | M8: 0.039 | N8: 0.032 | O8: 100 | P8: 100 | Q8: 100 | R8: 100 | S8: 100 | T8: 100 | U8: 0.6051363 | V8: 0.59962112 | W8: 0.086647807 | X8: 0.19358475 | Y8: 0.03978087 | Z8: 0.032523192
A9: 589 | B9: 80 | C9: 0 | D9: 0 | E9: =_xlfn.CONCAT(C9,D9) -> 00 | F9: 0.12992861 | G9: 32.487462 | H9: =F9/G9 -> 0.0039993462 | I9: 0.494 | J9: 0.48 | K9: 0.035 | L9: 0.016 | M9: 0.044 | N9: 0.001 | O9: 100 | P9: 100 | Q9: 100 | R9: 100 | S9: 100 | T9: 100 | U9: 0.68121861 | V9: 0.65392647 | W9: 0.035627178 | X9: 0.016129382 | Y9: 0.044997366 | Z9: 0.0010005003
A10: 359 | B10: 11 | C10: 0 | D10: 0 | E10: =_xlfn.CONCAT(C10,D10) -> 00 | F10: 0.11561949 | G10: 28.590062 | H10: =F10/G10 -> 0.0040440447 | I10: 0.608 | J10: 0.65306122 | K10: 0.046 | L10: 0.07 | M10: 0.022 | N10: 0.022 | O10: 0 | P10: 0 | Q10: 100 | R10: 100 | S10: 100 | T10: 100 | U10: 0.93649344 | V10: 1.058607 | W10: 0.047091608 | X10: 0.072570693 | Y10: 0.022245609 | Z10: 0.022245609
A11: 605 | B11: 87 | C11: 0 | D11: 0 | E11: =_xlfn.CONCAT(C11,D11) -> 00 | F11: 0.14833743 | G11: 35.308815 | H11: =F11/G11 -> 0.0042011442 | I11: 0.444 | J11: 0.38 | K11: 0.026 | L11: 0.017 | M11: 0.013 | N11: 0.024 | O11: 100 | P11: 100 | Q11: 100 | R11: 100 | S11: 100 | T11: 100 | U11: 0.58698698 | V11: 0.4780358 | W11: 0.026343975 | X11: 0.017146159 | Y11: 0.01308524 | Z11: 0.024292693
A12: 837 | B12: 58 | C12: 0 | D12: 0 | E12: =_xlfn.CONCAT(C12,D12) -> 00 | F12: 0.12987715 | G12: 25.42121 | H12: =F12/G12 -> 0.0051090075 | I12: 0.459 | J12: 0.30952381 | K12: 0.013 | L12: 0.007 | M12: 0.017 | N12: 0.006 | O12: 100 | P12: 100 | Q12: 100 | R12: 100 | S12: 100 | T12: 100 | U12: 0.614336 | V12: 0.37037379 | W12: 0.01308524 | X12: 0.0070246149 | Y12: 0.017146159 | Z12: 0.0060180723
A13: 723 | B13: 3 | C13: 0 | D13: 0 | E13: =_xlfn.CONCAT(C13,D13) -> 00 | F13: 0.22663281 | G13: 38.72722 | H13: =F13/G13 -> 0.0058520288 | I13: 0.48 | J13: 0.5 | K13: 0.017 | L13: 0.02 | M13: 0.032 | N13: 0.003 | O13: 100 | P13: 0 | Q13: 100 | R13: 100 | S13: 100 | T13: 100 | U13: 0.65392647 | V13: 0.69314718 | W13: 0.017146159 | X13: 0.020202707 | Y13: 0.032523192 | Z13: 0.003004509
... A1001: 148 | B1001: 43 | C1001: 1 | D1001: 1 | E1001: =_xlfn.CONCAT(C1001,D1001) -> 11 | F1001: 22.044664 | G1001: 22.928208 | H1001: =F1001/G1001 -> 0.96146478 | I1001: 0.506 | J1001: 0.44230769 | K1001: 0.479 | L1001: 0.439 | M1001: 0.48 | N1001: 0.51 | O1001: 100 | P1001: 0 | Q1001: 0 | R1001: 0 | S1001: 0 | T1001: 100 | U1001: 0.68121861 | V1001: 0.8157495 | W1001: 0.73605468 | X1001: 0.82325587 | Y1001: 0.73396918 | Z1001: 0.67334455

Sheet DR.LM
A1: trial | B1: taxon | C1: x | D1: y | E1: xy | F1: terminal | G1: height | H1: terminal.std | I1: p.bb | J1: p.nb | K1: p.ind.b | L1: p.dep.b | M1: p.ind.rj | N1: p.dep.rj | O1: c.bb | P1: c.nb | Q1: c.ind.b | R1: c.dep.b | S1: c.ind.rj | T1: c.dep.rj | U1: ll.bb | V1: ll.nb | W1: ll.ind.b | X1: ll.dep.b | Y1: ll.ind.rj | Z1: ll.dep.rj
A2: 15 | B2: 99 | C2: 0 | D2: 0 | E2: =_xlfn.CONCAT(C2,D2) -> 00 | F2: 0.0060116075 | G2: 26.816165 | H2: =F2/G2 -> 0.00022417849 | I2: 0.505 | J2: 0.53191489 | K2: 0 | L2: 0.001 | M2: 0.001 | N2: 0 | O2: 0 | P2: 0 | Q2: 100 | R2: 100 | S2: 100 | T2: 100 | U2: 0.70319752 | V2: 0.75910515 | W2: 1.000005e-05 | X2: 0.0010005003 | Y2: 0.0010005003 | Z2: 1.000005e-05
A3: 875 | B3: 53 | C3: 0 | D3: 0 | E3: =_xlfn.CONCAT(C3,D3) -> 00 | F3: 0.0096674314 | G3: 28.421954 | H3: =F3/G3 -> 0.00034013957 | I3: 0.746 | J3: 0.79166667 | K3: 0 | L3: 0.006 | M3: 0.002 | N3: 0 | O3: 0 | P3: 0 | Q3: 100 | R3: 100 | S3: 100 | T3: 100 | U3: 1.370421 | V3: 1.5686159 | W3: 1.000005e-05 | X3: 0.0060180723 | Y3: 0.0020020027 | Z3: 1.000005e-05
A4: 213 | B4: 39 | C4: 0 | D4: 0 | E4: =_xlfn.CONCAT(C4,D4) -> 00 | F4: 0.018853231 | G4: 27.750611 | H4: =F4/G4 -> 0.00067938075 | I4: 0.627 | J4: 0.70731707 | K4: 0.003 | L4: 0.003 | M4: 0 | N4: 0 | O4: 0 | P4: 0 | Q4: 100 | R4: 100 | S4: 100 | T4: 100 | U4: 0.98617686 | V4: 1.2286654 | W4: 0.003004509 | X4: 0.003004509 | Y4: 1.000005e-05 | Z4: 1.000005e-05
A5: 109 | B5: 14 | C5: 0 | D5: 0 | E5: =_xlfn.CONCAT(C5,D5) -> 00 | F5: 0.026906312 | G5: 27.238355 | H5: =F5/G5 -> 0.00098780974 | I5: 0.683 | J5: 0.68965517 | K5: 0.005 | L5: 0.003 | M5: 0.001 | N5: 0.002 | O5: 0 | P5: 0 | Q5: 100 | R5: 100 | S5: 100 | T5: 100 | U5: 1.1488535 | V5: 1.1700713 | W5: 0.0050125418 | X5: 0.003004509 | Y5: 0.0010005003 | Z5: 0.0020020027
A6: 921 | B6: 82 | C6: 0 | D6: 0 | E6: =_xlfn.CONCAT(C6,D6) -> 00 | F6: 0.041452798 | G6: 26.011342 | H6: =F6/G6 -> 0.0015936432 | I6: 0.67 | J6: 0.66666667 | K6: 0.003 | L6: 0.006 | M6: 0 | N6: 0.002 | O6: 0 | P6: 0 | Q6: 100 | R6: 100 | S6: 100 | T6: 100 | U6: 1.1086626 | V6: 1.0986123 | W6: 0.003004509 | X6: 0.0060180723 | Y6: 1.000005e-05 | Z6: 0.0020020027
A7: 799 | B7: 98 | C7: 0 | D7: 0 | E7: =_xlfn.CONCAT(C7,D7) -> 00 | F7: 0.11178921 | G7: 31.638242 | H7: =F7/G7 -> 0.0035333572 | I7: 0.518 | J7: 0.71428571 | K7: 0.009 | L7: 0.008 | M7: 0.01 | N7: 0.007 | O7: 0 | P7: 0 | Q7: 100 | R7: 100 | S7: 100 | T7: 100 | U7: 0.72981116 | V7: 1.252763 | W7: 0.0090407447 | X7: 0.0080321717 | Y7: 0.010050336 | Z7: 0.0070246149
A8: 73 | B8: 5 | C8: 0 | D8: 0 | E8: =_xlfn.CONCAT(C8,D8) -> 00 | F8: 0.18239864 | G8: 49.855361 | H8: =F8/G8 -> 0.0036585562 | I8: 0.554 | J8: 0.65909091 | K8: 0.015 | L8: 0.018 | M8: 0.006 | N8: 0.011 | O8: 0 | P8: 0 | Q8: 100 | R8: 100 | S8: 100 | T8: 100 | U8: 0.80743633 | V8: 1.0761394 | W8: 0.015113638 | X8: 0.018163971 | Y8: 0.0060180723 | Z8: 0.011060947
A9: 619 | B9: 58 | C9: 0 | D9: 0 | E9: =_xlfn.CONCAT(C9,D9) -> 00 | F9: 0.13386176 | G9: 36.413223 | H9: =F9/G9 -> 0.0036761853 | I9: 0.695 | J9: 0.8 | K9: 0.026 | L9: 0.443 | M9: 0.019 | N9: 0.024 | O9: 0 | P9: 0 | Q9: 100 | R9: 100 | S9: 100 | T9: 100 | U9: 1.1874435 | V9: 1.6094379 | W9: 0.026343975 | X9: 0.58519004 | Y9: 0.019182819 | Z9: 0.024292693
A10: 431 | B10: 54 | C10: 0 | D10: 0 | E10: =_xlfn.CONCAT(C10,D10) -> 00 | F10: 0.14236584 | G10: 29.628831 | H10: =F10/G10 -> 0.0048049765 | I10: 0.696 | J10: 0.6875 | K10: 0.071 | L10: 0.066 | M10: 0.072 | N10: 0.072 | O10: 0 | P10: 0 | Q10: 100 | R10: 100 | S10: 100 | T10: 100 | U10: 1.1907276 | V10: 1.1631508 | W10: 0.07364654 | X10: 0.068278841 | Y10: 0.074723546 | Z10: 0.074723546
A11: 605 | B11: 35 | C11: 0 | D11: 0 | E11: =_xlfn.CONCAT(C11,D11) -> 00 | F11: 0.18057448 | G11: 35.308815 | H11: =F11/G11 -> 0.0051141471 | I11: 0.606 | J11: 0.38888889 | K11: 0.024 | L11: 0.189 | M11: 0.013 | N11: 0.045 | O11: 0 | P11: 100 | Q11: 100 | R11: 100 | S11: 100 | T11: 100 | U11: 0.93140437 | V11: 0.49247649 | W11: 0.024292693 | X11: 0.20948722 | Y11: 0.01308524 | Z11: 0.046043939
A12: 299 | B12: 30 | C12: 0 | D12: 0 | E12: =_xlfn.CONCAT(C12,D12) -> 00 | F12: 0.18639675 | G12: 28.16863 | H12: =F12/G12 -> 0.0066171749 | I12: 0.691 | J12: 0.8 | K12: 0.011 | L12: 0.013 | M12: 0.014 | N12: 0.001 | O12: 0 | P12: 0 | Q12: 100 | R12: 100 | S12: 100 | T12: 100 | U12: 1.174414 | V12: 1.6094379 | W12: 0.011060947 | X12: 0.01308524 | Y12: 0.014098924 | Z12: 0.0010005003
A13: 331 | B13: 90 | C13: 0 | D13: 0 | E13: =_xlfn.CONCAT(C13,D13) -> 00 | F13: 0.23666473 | G13: 34.338533 | H13: =F13/G13 -> 0.0068921037 | I13: 0.547 | J13: 0.62857143 | K13: 0.011 | L13: 0.07 | M13: 0.01 | N13: 0.012 | O13: 0 | P13: 0 | Q13: 100 | R13: 100 | S13: 100 | T13: 100 | U13: 0.79186315 | V13: 0.9903987 | W13: 0.011060947 | X13: 0.072570693 | Y13: 0.010050336 | Z13: 0.012072581
... A1001: 58 | B1001: 95 | C1001: 1 | D1001: 1 | E1001: =_xlfn.CONCAT(C1001,D1001) -> 11 | F1001: 11.610211 | G1001: 20.333781 | H1001: =F1001/G1001 -> 0.57098139 | I1001: 0.606 | J1001: 0.60240964 | K1001: 0.686 | L1001: 0.633 | M1001: 0.708 | N1001: 0.641 | O1001: 100 | P1001: 100 | Q1001: 100 | R1001: 100 | S1001: 100 | T1001: 100 | U1001: 0.50087529 | V1001: 0.5068176 | W1001: 0.37687765 | X1001: 0.45728486 | Y1001: 0.34531119 | Z1001: 0.44472582

Sheet DR.LH
A1: trial | B1: taxon | C1: x | D1: y | E1: xy | F1: terminal | G1: height | H1: terminal.std | I1: p.bb | J1: p.nb | K1: p.ind.b | L1: p.dep.b | M1: p.ind.rj | N1: p.dep.rj | O1: c.bb | P1: c.nb | Q1: c.ind.b | R1: c.dep.b | S1: c.ind.rj | T1: c.dep.rj | U1: ll.bb | V1: ll.nb | W1: ll.ind.b | X1: ll.dep.b | Y1: ll.ind.rj | Z1: ll.dep.rj
A2: 133 | B2: 14 | C2: 0 | D2: 0 | E2: =_xlfn.CONCAT(C2,D2) -> 00 | F2: 0.012332297 | G2: 25.740445 | H2: =F2/G2 -> 0.00047910191 | I2: 0.768 | J2: 0.70588235 | K2: 0.004 | L2: 0.028 | M2: 0.001 | N2: 0.006 | O2: 0 | P2: 0 | Q2: 100 | R2: 100 | S2: 100 | T2: 100 | U2: 1.4610179 | V2: 1.2237754 | W2: 0.0040080214 | X2: 0.028399475 | Y2: 0.0010005003 | Z2: 0.0060180723
A3: 585 | B3: 92 | C3: 0 | D3: 0 | E3: =_xlfn.CONCAT(C3,D3) -> 00 | F3: 0.071373359 | G3: 30.264053 | H3: =F3/G3 -> 0.0023583543 | I3: 0.771 | J3: 0.7826087 | K3: 0.003 | L3: 0 | M3: 0.007 | N3: 0 | O3: 0 | P3: 0 | Q3: 100 | R3: 100 | S3: 100 | T3: 100 | U3: 1.4740333 | V3: 1.5260563 | W3: 0.003004509 | X3: 1.000005e-05 | Y3: 0.0070246149 | Z3: 1.000005e-05
A4: 383 | B4: 12 | C4: 0 | D4: 0 | E4: =_xlfn.CONCAT(C4,D4) -> 00 | F4: 0.13071999 | G4: 29.646151 | H4: =F4/G4 -> 0.0044093409 | I4: 0.809 | J4: 0.74193548 | K4: 0.026 | L4: 0.365 | M4: 0.029 | N4: 0.028 | O4: 0 | P4: 0 | Q4: 100 | R4: 100 | S4: 100 | T4: 100 | U4: 1.6554819 | V4: 1.3545457 | W4: 0.026343975 | X4: 0.45413028 | Y4: 0.029428811 | Z4: 0.028399475
A5: 531 | B5: 20 | C5: 0 | D5: 0 | E5: =_xlfn.CONCAT(C5,D5) -> 00 | F5: 0.20623646 | G5: 26.269854 | H5: =F5/G5 -> 0.0078506894 | I5: 0.715 | J5: 0.86363636 | K5: 0.02 | L5: 0.188 | M5: 0.009 | N5: 0.005 | O5: 0 | P5: 0 | Q5: 100 | R5: 100 | S5: 100 | T5: 100 | U5: 1.2552661 | V5: 1.9924302 | W5: 0.020202707 | X5: 0.20825494 | Y5: 0.0090407447 | Z5: 0.0050125418
A6: 49 | B6: 85 | C6: 0 | D6: 0 | E6: =_xlfn.CONCAT(C6,D6) -> 00 | F6: 0.27684578 | G6: 30.092611 | H6: =F6/G6 -> 0.0091997928 | I6: 0.778 | J6: 0.73684211 | K6: 0.03 | L6: 0.139 | M6: 0.046 | N6: 0.061 | O6: 0 | P6: 0 | Q6: 100 | R6: 100 | S6: 100 | T6: 100 | U6: 1.5050779 | V6: 1.3350011 | W6: 0.030459207 | X6: 0.14966077 | Y6: 0.047091608 | Z6: 0.0629398
A7: 601 | B7: 60 | C7: 0 | D7: 0 | E7: =_xlfn.CONCAT(C7,D7) -> 00 | F7: 0.23293192 | G7: 24.836786 | H7: =F7/G7 -> 0.0093785049 | I7: 0.855 | J7: 0.84210526 | K7: 0.057 | L7: 0.31 | M7: 0.059 | N7: 0.068 | O7: 0 | P7: 0 | Q7: 100 | R7: 100 | S7: 100 | T7: 100 | U7: 1.9310215 | V7: 1.8458267 | W7: 0.058688996 | X7: 0.37106368 | Y7: 0.060812139 | Z7: 0.070422464
A8: 593 | B8: 39 | C8: 0 | D8: 0 | E8: =_xlfn.CONCAT(C8,D8) -> 00 | F8: 0.26047775 | G8: 26.096172 | H8: =F8/G8 -> 0.0099814545 | I8: 0.862 | J8: 0.84 | K8: 0.119 | L8: 0.564 | M8: 0.12 | N8: 0.101 | O8: 0 | P8: 0 | Q8: 100 | R8: 0 | S8: 100 | T8: 100 | U8: 1.9805016 | V8: 1.8325815 | W8: 0.12669765 | X8: 0.83011304 | Y8: 0.12783337 | Z8: 0.10647224
A9: 217 | B9: 85 | C9: 0 | D9: 0 | E9: =_xlfn.CONCAT(C9,D9) -> 00 | F9: 0.31763311 | G9: 30.194861 | H9: =F9/G9 -> 0.010519443 | I9: 0.846 | J9: 0.75 | K9: 0.951 | L9: 0.242 | M9: 0.991 | N9: 0.347 | O9: 0 | P9: 0 | Q9: 0 | R9: 100 | S9: 0 | T9: 100 | U9: 1.8708027 | V9: 1.3862944 | W9: 3.015935 | X9: 0.27707189 | Y9: 4.7105307 | Z9: 0.42617815
A10: 897 | B10: 17 | C10: 0 | D10: 0 | E10: =_xlfn.CONCAT(C10,D10) -> 00 | F10: 0.33640996 | G10: 28.613857 | H10: =F10/G10 -> 0.01175689 | I10: 0.86 | J10: 0.85185185 | K10: 0.053 | L10: 0.411 | M10: 0.013 | N10: 0.064 | O10: 0 | P10: 0 | Q10: 100 | R10: 100 | S10: 100 | T10: 100 | U10: 1.9661129 | V10: 1.9095425 | W10: 0.054456186 | X10: 0.5293291 | Y10: 0.01308524 | Z10: 0.066139803
A11: 907 | B11: 64 | C11: 0 | D11: 0 | E11: =_xlfn.CONCAT(C11,D11) -> 00 | F11: 0.48997062 | G11: 32.48935 | H11: =F11/G11 -> 0.015080961 | I11: 0.778 | J11: 0.88888889 | K11: 0.976 | L11: 0.941 | M11: 0.986 | N11: 0.961 | O11: 0 | P11: 0 | Q11: 0 | R11: 0 | S11: 0 | T11: 0 | U11: 1.5050779 | V11: 2.1972246 | W11: 3.7297014 | X11: 2.8302178 | Y11: 4.2686979 | Z11: 3.2441936
A12: 77 | B12: 43 | C12: 0 | D12: 0 | E12: =_xlfn.CONCAT(C12,D12) -> 00 | F12: 0.46854898 | G12: 26.414987 | H12: =F12/G12 -> 0.017737998 | I12: 0.781 | J12: 0.69230769 | K12: 0.058 | L12: 0.611 | M12: 0.033 | N12: 0.098 | O12: 0 | P12: 0 | Q12: 100 | R12: 0 | S12: 100 | T12: 100 | U12: 1.5186835 | V12: 1.178655 | W12: 0.059750004 | X12: 0.94417594 | Y12: 0.033556784 | Z12: 0.10314076
A13: 901 | B13: 87 | C13: 0 | D13: 0 | E13: =_xlfn.CONCAT(C13,D13) -> 00 | F13: 0.51331233 | G13: 22.444313 | H13: =F13/G13 -> 0.022870485 | I13: 0.752 | J13: 0.91666667 | K13: 0.654 | L13: 0.911 | M13: 0.718 | N13: 0.658 | O13: 0 | P13: 0 | Q13: 0 | R13: 0 | S13: 0 | T13: 0 | U13: 1.3943265 | V13: 2.4849066 | W13: 1.0613165 | X13: 2.4191189 | Y13: 1.2658482 | Z13: 1.0729445
... A1001: 942 | B1001: 26 | C1001: 1 | D1001: 1 | E1001: =_xlfn.CONCAT(C1001,D1001) -> 11 | F1001: 20.615374 | G1001: 21.993142 | H1001: =F1001/G1001 -> 0.93735462 | I1001: 0.776 | J1001: 0.703125 | K1001: 0.79 | L1001: 0.67 | M1001: 0.724 | N1001: 0.711 | O1001: 100 | P1001: 100 | Q1001: 100 | R1001: 100 | S1001: 100 | T1001: 100 | U1001: 0.25360276 | V1001: 0.35222059 | W1001: 0.23572233 | X1001: 0.40047757 | Y1001: 0.32296389 | Z1001: 0.34108285

Sheet DR.MH
A1: trial | B1: taxon | C1: x | D1: y | E1: xy | F1: terminal | G1: height | H1: terminal.std | I1: p.bb | J1: p.nb | K1: p.ind.b | L1: p.dep.b | M1: p.ind.rj | N1: p.dep.rj | O1: c.bb | P1: c.nb | Q1: c.ind.b | R1: c.dep.b | S1: c.ind.rj | T1: c.dep.rj | U1: ll.bb | V1: ll.nb | W1: ll.ind.b | X1: ll.dep.b | Y1: ll.ind.rj | Z1: ll.dep.rj
A2: 79 | B2: 62 | C2: 0 | D2: 0 | E2: =_xlfn.CONCAT(C2,D2) -> 00 | F2: 0.0098405906 | G2: 26.841268 | H2: =F2/G2 -> 0.00036662168 | I2: 0.542 | J2: 0.32142857 | K2: 0.001 | L2: 0.001 | M2: 0.002 | N2: 0.003 | O2: 0 | P2: 100 | Q2: 100 | R2: 100 | S2: 100 | T2: 100 | U2: 0.78088609 | V2: 0.38776553 | W2: 0.0010005003 | X2: 0.0010005003 | Y2: 0.0020020027 | Z2: 0.003004509
A3: 723 | B3: 17 | C3: 0 | D3: 0 | E3: =_xlfn.CONCAT(C3,D3) -> 00 | F3: 0.041068409 | G3: 38.72722 | H3: =F3/G3 -> 0.0010604533 | I3: 0.667 | J3: 0.58064516 | K3: 0.006 | L3: 0.027 | M3: 0.004 | N3: 0.005 | O3: 0 | P3: 0 | Q3: 100 | R3: 100 | S3: 100 | T3: 100 | U3: 1.0996128 | V3: 0.86903785 | W3: 0.0060180723 | X3: 0.027371197 | Y3: 0.0040080214 | Z3: 0.0050125418
A4: 353 | B4: 10 | C4: 0 | D4: 0 | E4: =_xlfn.CONCAT(C4,D4) -> 00 | F4: 0.03532665 | G4: 30.680076 | H4: =F4/G4 -> 0.0011514525 | I4: 0.626 | J4: 0.625 | K4: 0.004 | L4: 0.044 | M4: 0.006 | N4: 0.003 | O4: 0 | P4: 0 | Q4: 100 | R4: 100 | S4: 100 | T4: 100 | U4: 0.98349948 | V4: 0.98082925 | W4: 0.0040080214 | X4: 0.044997366 | Y4: 0.0060180723 | Z4: 0.003004509
A5: 809 | B5: 86 | C5: 0 | D5: 0 | E5: =_xlfn.CONCAT(C5,D5) -> 00 | F5: 0.086444742 | G5: 33.211011 | H5: =F5/G5 -> 0.002602894 | I5: 0.731 | J5: 0.66666667 | K5: 0.056 | L5: 0.121 | M5: 0.049 | N5: 0.02 | O5: 0 | P5: 0 | Q5: 100 | R5: 100 | S5: 100 | T5: 100 | U5: 1.3130439 | V5: 1.0986123 | W5: 0.057629113 | X5: 0.12897038 | Y5: 0.050241216 | Z5: 0.020202707
A6: 285 | B6: 84 | C6: 0 | D6: 0 | E6: =_xlfn.CONCAT(C6,D6) -> 00 | F6: 0.1674508 | G6: 37.480707 | H6: =F6/G6 -> 0.0044676533 | I6: 0.689 | J6: 0.79166667 | K6: 0.04 | L6: 0.191 | M6: 0.06 | N6: 0.094 | O6: 0 | P6: 0 | Q6: 100 | R6: 100 | S6: 100 | T6: 100 | U6: 1.1679624 | V6: 1.5686159 | W6: 0.040821995 | X6: 0.21195636 | Y6: 0.061875404 | Z6: 0.098715973
A7: 77 | B7: 73 | C7: 0 | D7: 0 | E7: =_xlfn.CONCAT(C7,D7) -> 00 | F7: 0.16669338 | G7: 26.414987 | H7: =F7/G7 -> 0.0063105608 | I7: 0.681 | J7: 0.75 | K7: 0.066 | L7: 0.235 | M7: 0.051 | N7: 0.064 | O7: 0 | P7: 0 | Q7: 100 | R7: 100 | S7: 100 | T7: 100 | U7: 1.1425642 | V7: 1.3862944 | W7: 0.068278841 | X7: 0.26787945 | Y7: 0.05234648 | Z7: 0.066139803
A8: 591 | B8: 46 | C8: 0 | D8: 0 | E8: =_xlfn.CONCAT(C8,D8) -> 00 | F8: 0.20589907 | G8: 31.391466 | H8: =F8/G8 -> 0.0065590778 | I8: 0.625 | J8: 0.65517241 | K8: 0.112 | L8: 0.305 | M8: 0.095 | N8: 0.072 | O8: 0 | P8: 0 | Q8: 100 | R8: 100 | S8: 100 | T8: 100 | U8: 0.98082925 | V8: 1.0647107 | W8: 0.11878354 | X8: 0.36384343 | Y8: 0.099820335 | Z8: 0.074723546
A9: 137 | B9: 38 | C9: 0 | D9: 0 | E9: =_xlfn.CONCAT(C9,D9) -> 00 | F9: 0.13990614 | G9: 20.891452 | H9: =F9/G9 -> 0.0066968126 | I9: 0.566 | J9: 0.71428571 | K9: 0.016 | L9: 0.072 | M9: 0.014 | N9: 0.026 | O9: 0 | P9: 0 | Q9: 100 | R9: 100 | S9: 100 | T9: 100 | U9: 0.83471074 | V9: 1.252763 | W9: 0.016129382 | X9: 0.074723546 | Y9: 0.014098924 | Z9: 0.026343975
A10: 299 | B10: 12 | C10: 0 | D10: 0 | E10: =_xlfn.CONCAT(C10,D10) -> 00 | F10: 0.20295123 | G10: 28.16863 | H10: =F10/G10 -> 0.0072048667 | I10: 0.679 | J10: 0.76744186 | K10: 0.037 | L10: 0.025 | M10: 0.039 | N10: 0.029 | O10: 0 | P10: 0 | Q10: 100 | R10: 100 | S10: 100 | T10: 100 | U10: 1.1363142 | V10: 1.458615 | W10: 0.037701867 | X10: 0.025317808 | Y10: 0.03978087 | Z10: 0.029428811
A11: 521 | B11: 25 | C11: 0 | D11: 0 | E11: =_xlfn.CONCAT(C11,D11) -> 00 | F11: 0.27171441 | G11: 37.673697 | H11: =F11/G11 -> 0.0072123107 | I11: 0.555 | J11: 0.51724138 | K11: 0.02 | L11: 0.029 | M11: 0.023 | N11: 0.024 | O11: 0 | P11: 0 | Q11: 100 | R11: 100 | S11: 100 | T11: 100 | U11: 0.809681 | V11: 0.7282385 | W11: 0.020202707 | X11: 0.029428811 | Y11: 0.023268627 | Z11: 0.024292693
A12: 169 | B12: 93 | C12: 0 | D12: 0 | E12: =_xlfn.CONCAT(C12,D12) -> 00 | F12: 0.1827065 | G12: 24.574409 | H12: =F12/G12 -> 0.0074348278 | I12: 0.839 | J12: 0.93333333 | K12: 0.442 | L12: 0.72 | M12: 0.049 | N12: 0.084 | O12: 0 | P12: 0 | Q12: 100 | R12: 0 | S12: 100 | T12: 100 | U12: 1.8263509 | V12: 2.7080502 | W12: 0.58339632 | X12: 1.2729657 | Y12: 0.050241216 | Z12: 0.087738914
A13: 805 | B13: 50 | C13: 0 | D13: 0 | E13: =_xlfn.CONCAT(C13,D13) -> 00 | F13: 0.20493619 | G13: 26.915561 | H13: =F13/G13 -> 0.0076140409 | I13: 0.684 | J13: 0.71428571 | K13: 0.038 | L13: 0.194 | M13: 0.047 | N13: 0.044 | O13: 0 | P13: 0 | Q13: 100 | R13: 100 | S13: 100 | T13: 100 | U13: 1.1520131 | V13: 1.252763 | W13: 0.038740828 | X13: 0.21567154 | Y13: 0.048140375 | Z13: 0.044997366
... A1001: 474 | B1001: 40 | C1001: 1 | D1001: 1 | E1001: =_xlfn.CONCAT(C1001,D1001) -> 11 | F1001: 16.64472 | G1001: 23.013646 | H1001: =F1001/G1001 -> 0.72325439 | I1001: 0.561 | J1001: 0.63768116 | K1001: 0.6 | L1001: 0.618 | M1001: 0.572 | N1001: 0.585 | O1001: 100 | P1001: 100 | Q1001: 100 | R1001: 100 | S1001: 100 | T1001: 100 | U1001: 0.57803437 | V1001: 0.44991687 | W1001: 0.51082562 | X1001: 0.48126682 | Y1001: 0.55861629 | Z1001: 0.53614343

Sheet DEP1.L
A1: trial | B1: taxon | C1: x | D1: y | E1: xy | F1: terminal | G1: height | H1: terminal.std | I1: p.bb | J1: p.nb | K1: p.ind.b | L1: p.dep.b | M1: p.ind.rj | N1: p.dep.rj | O1: c.bb | P1: c.nb | Q1: c.ind.b | R1: c.dep.b | S1: c.ind.rj | T1: c.dep.rj | U1: ll.bb | V1: ll.nb | W1: ll.ind.b | X1: ll.dep.b | Y1: ll.ind.rj | Z1: ll.dep.rj
A2: 905 | B2: 28 | C2: 0 | D2: 0 | E2: =_xlfn.CONCAT(C2,D2) -> 00 | F2: 0.0026278926 | G2: 27.387297 | H2: =F2/G2 -> 9.5952973e-05 | I2: 0.476 | J2: 0.5 | K2: 0 | L2: 0 | M2: 0 | N2: 0 | O2: 100 | P2: 0 | Q2: 100 | R2: 100 | S2: 100 | T2: 100 | U2: 0.64626359 | V2: 0.69314718 | W2: 1.000005e-05 | X2: 1.000005e-05 | Y2: 1.000005e-05 | Z2: 1.000005e-05
A3: 181 | B3: 74 | C3: 0 | D3: 0 | E3: =_xlfn.CONCAT(C3,D3) -> 00 | F3: 0.0088797135 | G3: 30.97876 | H3: =F3/G3 -> 0.00028663876 | I3: 0.226 | J3: 0.2173913 | K3: 0.001 | L3: 0 | M3: 0 | N3: 0.001 | O3: 100 | P3: 100 | Q3: 100 | R3: 100 | S3: 100 | T3: 100 | U3: 0.25618341 | V3: 0.24512246 | W3: 0.0010005003 | X3: 1.000005e-05 | Y3: 1.000005e-05 | Z3: 0.0010005003
A4: 287 | B4: 42 | C4: 0 | D4: 0 | E4: =_xlfn.CONCAT(C4,D4) -> 00 | F4: 0.018270043 | G4: 23.558873 | H4: =F4/G4 -> 0.00077550581 | I4: 0.32 | J4: 0.24193548 | K4: 0 | L4: 0.001 | M4: 0.002 | N4: 0.002 | O4: 100 | P4: 100 | Q4: 100 | R4: 100 | S4: 100 | T4: 100 | U4: 0.38566248 | V4: 0.27698678 | W4: 1.000005e-05 | X4: 0.0010005003 | Y4: 0.0020020027 | Z4: 0.0020020027
A5: 303 | B5: 100 | C5: 0 | D5: 0 | E5: =_xlfn.CONCAT(C5,D5) -> 00 | F5: 0.028820212 | G5: 30.875212 | H5: =F5/G5 -> 0.00093344177 | I5: 0.477 | J5: 0.42857143 | K5: 0.002 | L5: 0 | M5: 0.002 | N5: 0.001 | O5: 100 | P5: 100 | Q5: 100 | R5: 100 | S5: 100 | T5: 100 | U5: 0.64817381 | V5: 0.55961579 | W5: 0.0020020027 | X5: 1.000005e-05 | Y5: 0.0020020027 | Z5: 0.0010005003
A6: 89 | B6: 5 | C6: 0 | D6: 0 | E6: =_xlfn.CONCAT(C6,D6) -> 00 | F6: 0.081578362 | G6: 39.339058 | H6: =F6/G6 -> 0.0020737243 | I6: 0.411 | J6: 0.22222222 | K6: 0.005 | L6: 0.006 | M6: 0.013 | N6: 0.004 | O6: 100 | P6: 100 | Q6: 100 | R6: 100 | S6: 100 | T6: 100 | U6: 0.5293291 | V6: 0.25131443 | W6: 0.0050125418 | X6: 0.0060180723 | Y6: 0.01308524 | Z6: 0.0040080214
A7: 649 | B7: 96 | C7: 0 | D7: 0 | E7: =_xlfn.CONCAT(C7,D7) -> 00 | F7: 0.069488356 | G7: 30.981682 | H7: =F7/G7 -> 0.0022428852 | I7: 0.135 | J7: 0.14130435 | K7: 0.002 | L7: 0.002 | M7: 0.003 | N7: 0 | O7: 100 | P7: 100 | Q7: 100 | R7: 100 | S7: 100 | T7: 100 | U7: 0.14502577 | V7: 0.15234072 | W7: 0.0020020027 | X7: 0.0020020027 | Y7: 0.003004509 | Z7: 1.000005e-05
A8: 987 | B8: 61 | C8: 0 | D8: 0 | E8: =_xlfn.CONCAT(C8,D8) -> 00 | F8: 0.077246821 | G8: 30.270244 | H8: =F8/G8 -> 0.0025519061 | I8: 0.457 | J8: 0.3880597 | K8: 0.067 | L8: 0.072 | M8: 0.068 | N8: 0.07 | O8: 100 | P8: 100 | Q8: 100 | R8: 100 | S8: 100 | T8: 100 | U8: 0.61064596 | V8: 0.49112055 | W8: 0.069350078 | X8: 0.074723546 | Y8: 0.070422464 | Z8: 0.072570693
A9: 701 | B9: 38 | C9: 0 | D9: 0 | E9: =_xlfn.CONCAT(C9,D9) -> 00 | F9: 0.12293704 | G9: 40.056702 | H9: =F9/G9 -> 0.0030690755 | I9: 0.502 | J9: 0.36666667 | K9: 0.018 | L9: 0.079 | M9: 0.011 | N9: 0.03 | O9: 0 | P9: 100 | Q9: 100 | R9: 100 | S9: 100 | T9: 100 | U9: 0.6971552 | V9: 0.4567584 | W9: 0.018163971 | X9: 0.082295243 | Y9: 0.011060947 | Z9: 0.030459207
A10: 521 | B10: 41 | C10: 0 | D10: 0 | E10: =_xlfn.CONCAT(C10,D10) -> 00 | F10: 0.12890752 | G10: 37.673697 | H10: =F10/G10 -> 0.0034216848 | I10: 0.693 | J10: 0.69135802 | K10: 0.015 | L10: 0.01 | M10: 0.01 | N10: 0.016 | O10: 0 | P10: 0 | Q10: 100 | R10: 100 | S10: 100 | T10: 100 | U10: 1.1809075 | V10: 1.1755733 | W10: 0.015113638 | X10: 0.010050336 | Y10: 0.010050336 | Z10: 0.016129382
A11: 951 | B11: 44 | C11: 0 | D11: 0 | E11: =_xlfn.CONCAT(C11,D11) -> 00 | F11: 0.11498803 | G11: 32.64376 | H11: =F11/G11 -> 0.0035225119 | I11: 0.339 | J11: 0.32222222 | K11: 0.009 | L11: 0.005 | M11: 0.005 | N11: 0.008 | O11: 100 | P11: 100 | Q11: 100 | R11: 100 | S11: 100 | T11: 100 | U11: 0.41400144 | V11: 0.38893581 | W11: 0.0090407447 | X11: 0.0050125418 | Y11: 0.0050125418 | Z11: 0.0080321717
A12: 507 | B12: 48 | C12: 0 | D12: 0 | E12: =_xlfn.CONCAT(C12,D12) -> 00 | F12: 0.075505619 | G12: 21.244064 | H12: =F12/G12 -> 0.0035541984 | I12: 0.199 | J12: 0.1625 | K12: 0.006 | L12: 0.007 | M12: 0.002 | N12: 0.003 | O12: 100 | P12: 100 | Q12: 100 | R12: 100 | S12: 100 | T12: 100 | U12: 0.22189433 | V12: 0.17733402 | W12: 0.0060180723 | X12: 0.0070246149 | Y12: 0.0020020027 | Z12: 0.003004509
A13: 991 | B13: 81 | C13: 0 | D13: 0 | E13: =_xlfn.CONCAT(C13,D13) -> 00 | F13: 0.092352797 | G13: 25.630967 | H13: =F13/G13 -> 0.0036031725 | I13: 0.406 | J13: 0.44262295 | K13: 0.006 | L13: 0.002 | M13: 0.003 | N13: 0.003 | O13: 100 | P13: 100 | Q13: 100 | R13: 100 | S13: 100 | T13: 100 | U13: 0.52087596 | V13: 0.58451334 | W13: 0.0060180723 | X13: 0.0020020027 | Y13: 0.003004509 | Z13: 0.003004509
... A1001: 728 | B1001: 73 | C1001: 1 | D1001: 1 | E1001: =_xlfn.CONCAT(C1001,D1001) -> 11 | F1001: 16.124477 | G1001: 23.977945 | H1001: =F1001/G1001 -> 0.67247119 | I1001: 0.221 | J1001: 0.14285714 | K1001: 0.254 | L1001: 0.112 | M1001: 0.271 | N1001: 0.165 | O1001: 0 | P1001: 0 | Q1001: 0 | R1001: 0 | S1001: 0 | T1001: 0 | U1001: 1.5095926 | V1001: 1.9459101 | W1001: 1.370421 | X1001: 2.1892564 | Y1001: 1.3056365 | Z1001: 1.8018098

Sheet DEP1.M
A1: trial | B1: taxon | C1: x | D1: y | E1: xy | F1: terminal | G1: height | H1: terminal.std | I1: p.bb | J1: p.nb | K1: p.ind.b | L1: p.dep.b | M1: p.ind.rj | N1: p.dep.rj | O1: c.bb | P1: c.nb | Q1: c.ind.b | R1: c.dep.b | S1: c.ind.rj | T1: c.dep.rj | U1: ll.bb | V1: ll.nb | W1: ll.ind.b | X1: ll.dep.b | Y1: ll.ind.rj | Z1: ll.dep.rj
A2: 367 | B2: 72 | C2: 0 | D2: 0 | E2: =_xlfn.CONCAT(C2,D2) -> 00 | F2: 0.00084017388 | G2: 28.868681 | H2: =F2/G2 -> 2.91033e-05 | I2: 0.455 | J2: 0.39393939 | K2: 0 | L2: 0 | M2: 0 | N2: 0 | O2: 100 | P2: 100 | Q2: 100 | R2: 100 | S2: 100 | T2: 100 | U2: 0.60696948 | V2: 0.50077529 | W2: 1.000005e-05 | X2: 1.000005e-05 | Y2: 1.000005e-05 | Z2: 1.000005e-05
A3: 813 | B3: 27 | C3: 0 | D3: 0 | E3: =_xlfn.CONCAT(C3,D3) -> 00 | F3: 0.0046862087 | G3: 34.689662 | H3: =F3/G3 -> 0.00013508949 | I3: 0.577 | J3: 0.42857143 | K3: 0.003 | L3: 0 | M3: 0.001 | N3: 0.002 | O3: 0 | P3: 100 | Q3: 100 | R3: 100 | S3: 100 | T3: 100 | U3: 0.8603831 | V3: 0.55961579 | W3: 0.003004509 | X3: 1.000005e-05 | Y3: 0.0010005003 | Z3: 0.0020020027
A4: 929 | B4: 100 | C4: 0 | D4: 0 | E4: =_xlfn.CONCAT(C4,D4) -> 00 | F4: 0.016935172 | G4: 25.10351 | H4: =F4/G4 -> 0.00067461373 | I4: 0.683 | J4: 0.53333333 | K4: 0.002 | L4: 0.004 | M4: 0.001 | N4: 0 | O4: 0 | P4: 0 | Q4: 100 | R4: 100 | S4: 100 | T4: 100 | U4: 1.1488535 | V4: 0.76214005 | W4: 0.0020020027 | X4: 0.0040080214 | Y4: 0.0010005003 | Z4: 1.000005e-05
A5: 83 | B5: 92 | C5: 0 | D5: 0 | E5: =_xlfn.CONCAT(C5,D5) -> 00 | F5: 0.02261457 | G5: 33.337231 | H5: =F5/G5 -> 0.00067835777 | I5: 0.559 | J5: 0.4375 | K5: 0.002 | L5: 0 | M5: 0.002 | N5: 0 | O5: 0 | P5: 100 | Q5: 100 | R5: 100 | S5: 100 | T5: 100 | U5: 0.8187104 | V5: 0.57536414 | W5: 0.0020020027 | X5: 1.000005e-05 | Y5: 0.0020020027 | Z5: 1.000005e-05
A6: 671 | B6: 37 | C6: 0 | D6: 0 | E6: =_xlfn.CONCAT(C6,D6) -> 00 | F6: 0.036768123 | G6: 29.937776 | H6: =F6/G6 -> 0.0012281514 | I6: 0.575 | J6: 0.48148148 | K6: 0.01 | L6: 0.009 | M6: 0.003 | N6: 0.003 | O6: 0 | P6: 100 | Q6: 100 | R6: 100 | S6: 100 | T6: 100 | U6: 0.85566611 | V6: 0.65677954 | W6: 0.010050336 | X6: 0.0090407447 | Y6: 0.003004509 | Z6: 0.003004509
A7: 679 | B7: 98 | C7: 0 | D7: 0 | E7: =_xlfn.CONCAT(C7,D7) -> 00 | F7: 0.053084141 | G7: 34.996073 | H7: =F7/G7 -> 0.0015168599 | I7: 0.689 | J7: 0.64814815 | K7: 0.015 | L7: 0.019 | M7: 0.009 | N7: 0.013 | O7: 0 | P7: 0 | Q7: 100 | R7: 100 | S7: 100 | T7: 100 | U7: 1.1679624 | V7: 1.0445451 | W7: 0.015113638 | X7: 0.019182819 | Y7: 0.0090407447 | Z7: 0.01308524
A8: 145 | B8: 2 | C8: 0 | D8: 0 | E8: =_xlfn.CONCAT(C8,D8) -> 00 | F8: 0.0540946 | G8: 33.028693 | H8: =F8/G8 -> 0.0016378063 | I8: 0.723 | J8: 0.54545455 | K8: 0.007 | L8: 0.007 | M8: 0.007 | N8: 0.005 | O8: 0 | P8: 0 | Q8: 100 | R8: 100 | S8: 100 | T8: 100 | U8: 1.2837378 | V8: 0.78845736 | W8: 0.0070246149 | X8: 0.0070246149 | Y8: 0.0070246149 | Z8: 0.0050125418
A9: 303 | B9: 5 | C9: 0 | D9: 0 | E9: =_xlfn.CONCAT(C9,D9) -> 00 | F9: 0.062601004 | G9: 30.875212 | H9: =F9/G9 -> 0.002027549 | I9: 0.454 | J9: 0.37096774 | K9: 0.011 | L9: 0.015 | M9: 0.009 | N9: 0.01 | O9: 100 | P9: 100 | Q9: 100 | R9: 100 | S9: 100 | T9: 100 | U9: 0.6051363 | V9: 0.46357274 | W9: 0.011060947 | X9: 0.015113638 | Y9: 0.0090407447 | Z9: 0.010050336
A10: 809 | B10: 86 | C10: 0 | D10: 0 | E10: =_xlfn.CONCAT(C10,D10) -> 00 | F10: 0.086444742 | G10: 33.211011 | H10: =F10/G10 -> 0.002602894 | I10: 0.5 | J10: 0.36842105 | K10: 0.01 | L10: 0.013 | M10: 0.013 | N10: 0.001 | O10: 0 | P10: 100 | Q10: 100 | R10: 100 | S10: 100 | T10: 100 | U10: 0.69314718 | V10: 0.45953233 | W10: 0.010050336 | X10: 0.01308524 | Y10: 0.01308524 | Z10: 0.0010005003
A11: 451 | B11: 22 | C11: 0 | D11: 0 | E11: =_xlfn.CONCAT(C11,D11) -> 00 | F11: 0.080516501 | G11: 30.645234 | H11: =F11/G11 -> 0.0026273744 | I11: 0.467 | J11: 0.35384615 | K11: 0.995 | L11: 0.977 | M11: 0.992 | N11: 0.984 | O11: 100 | P11: 100 | Q11: 0 | R11: 0 | S11: 0 | T11: 0 | U11: 0.62923385 | V11: 0.43671765 | W11: 5.2983174 | X11: 3.7722611 | Y11: 4.8283137 | Z11: 4.1351666
A12: 407 | B12: 63 | C12: 0 | D12: 0 | E12: =_xlfn.CONCAT(C12,D12) -> 00 | F12: 0.11610644 | G12: 29.660016 | H12: =F12/G12 -> 0.0039145779 | I12: 0.705 | J12: 0.65384615 | K12: 0.038 | L12: 0.105 | M12: 0.017 | N12: 0.019 | O12: 0 | P12: 0 | Q12: 100 | R12: 100 | S12: 100 | T12: 100 | U12: 1.2207799 | V12: 1.060872 | W12: 0.038740828 | X12: 0.11093156 | Y12: 0.017146159 | Z12: 0.019182819
A13: 223 | B13: 13 | C13: 0 | D13: 0 | E13: =_xlfn.CONCAT(C13,D13) -> 00 | F13: 0.12777569 | G13: 29.478459 | H13: =F13/G13 -> 0.0043345444 | I13: 0.453 | J13: 0.49275362 | K13: 0.007 | L13: 0.023 | M13: 0.005 | N13: 0.008 | O13: 100 | P13: 100 | Q13: 100 | R13: 100 | S13: 100 | T13: 100 | U13: 0.60330648 | V13: 0.67875844 | W13: 0.0070246149 | X13: 0.023268627 | Y13: 0.0050125418 | Z13: 0.0080321717
... A1001: 782 | B1001: 16 | C1001: 1 | D1001: 1 | E1001: =_xlfn.CONCAT(C1001,D1001) -> 11 | F1001: 22.147572 | G1001: 25.972917 | H1001: =F1001/G1001 -> 0.85271792 | I1001: 0.739 | J1001: 0.8627451 | K1001: 0.741 | L1001: 0.862 | M1001: 0.706 | N1001: 0.83 | O1001: 100 | P1001: 100 | Q1001: 100 | R1001: 100 | S1001: 100 | T1001: 100 | U1001: 0.30245736 | V1001: 0.147636 | W1001: 0.29975465 | X1001: 0.14850001 | Y1001: 0.34814004 | Z1001: 0.18632958

Sheet DEP1.H
A1: trial | B1: taxon | C1: x | D1: y | E1: xy | F1: terminal | G1: height | H1: terminal.std | I1: p.bb | J1: p.nb | K1: p.ind.b | L1: p.dep.b | M1: p.ind.rj | N1: p.dep.rj | O1: c.bb | P1: c.nb | Q1: c.ind.b | R1: c.dep.b | S1: c.ind.rj | T1: c.dep.rj | U1: ll.bb | V1: ll.nb | W1: ll.ind.b | X1: ll.dep.b | Y1: ll.ind.rj | Z1: ll.dep.rj
A2: 683 | B2: 26 | C2: 0 | D2: 0 | E2: =_xlfn.CONCAT(C2,D2) -> 00 | F2: 0.025098963 | G2: 28.630442 | H2: =F2/G2 -> 0.00087665301 | I2: 0.628 | J2: 0.625 | K2: 0.006 | L2: 0.039 | M2: 0.002 | N2: 0.007 | O2: 0 | P2: 0 | Q2: 100 | R2: 100 | S2: 100 | T2: 100 | U2: 0.98886142 | V2: 0.98082925 | W2: 0.0060180723 | X2: 0.03978087 | Y2: 0.0020020027 | Z2: 0.0070246149
A3: 39 | B3: 97 | C3: 0 | D3: 0 | E3: =_xlfn.CONCAT(C3,D3) -> 00 | F3: 0.05875323 | G3: 32.012542 | H3: =F3/G3 -> 0.0018353191 | I3: 0.622 | J3: 0.55737705 | K3: 0.014 | L3: 0.015 | M3: 0.009 | N3: 0.009 | O3: 0 | P3: 0 | Q3: 100 | R3: 100 | S3: 100 | T3: 100 | U3: 0.97286108 | V3: 0.815037 | W3: 0.014098924 | X3: 0.015113638 | Y3: 0.0090407447 | Z3: 0.0090407447
A4: 979 | B4: 75 | C4: 0 | D4: 0 | E4: =_xlfn.CONCAT(C4,D4) -> 00 | F4: 0.063499772 | G4: 28.854008 | H4: =F4/G4 -> 0.0022007262 | I4: 0.616 | J4: 0.50943396 | K4: 0.019 | L4: 0.025 | M4: 0.017 | N4: 0.011 | O4: 0 | P4: 0 | Q4: 100 | R4: 100 | S4: 100 | T4: 100 | U4: 0.95711273 | V4: 0.71219538 | W4: 0.019182819 | X4: 0.025317808 | Y4: 0.017146159 | Z4: 0.011060947
A5: 909 | B5: 73 | C5: 0 | D5: 0 | E5: =_xlfn.CONCAT(C5,D5) -> 00 | F5: 0.10605185 | G5: 43.804703 | H5: =F5/G5 -> 0.0024210152 | I5: 0.486 | J5: 0.40740741 | K5: 0.011 | L5: 0.002 | M5: 0.009 | N5: 0.02 | O5: 100 | P5: 100 | Q5: 100 | R5: 100 | S5: 100 | T5: 100 | U5: 0.66553201 | V5: 0.52324814 | W5: 0.011060947 | X5: 0.0020020027 | Y5: 0.0090407447 | Z5: 0.020202707
A6: 559 | B6: 58 | C6: 0 | D6: 0 | E6: =_xlfn.CONCAT(C6,D6) -> 00 | F6: 0.070484769 | G6: 26.934476 | H6: =F6/G6 -> 0.0026168978 | I6: 0.486 | J6: 0.39655172 | K6: 0.036 | L6: 0.072 | M6: 0.014 | N6: 0.018 | O6: 100 | P6: 100 | Q6: 100 | R6: 100 | S6: 100 | T6: 100 | U6: 0.66553201 | V6: 0.50509495 | W6: 0.036663984 | X6: 0.074723546 | Y6: 0.014098924 | Z6: 0.018163971
A7: 553 | B7: 12 | C7: 0 | D7: 0 | E7: =_xlfn.CONCAT(C7,D7) -> 00 | F7: 0.085386044 | G7: 30.813167 | H7: =F7/G7 -> 0.0027710895 | I7: 0.586 | J7: 0.43283582 | K7: 0.98 | L7: 0.953 | M7: 0.984 | N7: 0.972 | O7: 0 | P7: 100 | Q7: 0 | R7: 0 | S7: 0 | T7: 0 | U7: 0.88188931 | V7: 0.56710646 | W7: 3.912023 | X7: 3.0576077 | Y7: 4.1351666 | Z7: 3.5755508
A8: 787 | B8: 43 | C8: 0 | D8: 0 | E8: =_xlfn.CONCAT(C8,D8) -> 00 | F8: 0.08748534 | G8: 26.921629 | H8: =F8/G8 -> 0.0032496303 | I8: 0.534 | J8: 0.49180328 | K8: 0.046 | L8: 0.08 | M8: 0.013 | N8: 0.026 | O8: 0 | P8: 100 | Q8: 100 | R8: 100 | S8: 100 | T8: 100 | U8: 0.76356964 | V8: 0.67688666 | W8: 0.047091608 | X8: 0.083381609 | Y8: 0.01308524 | Z8: 0.026343975
A9: 803 | B9: 100 | C9: 0 | D9: 0 | E9: =_xlfn.CONCAT(C9,D9) -> 00 | F9: 0.1000791 | G9: 29.399338 | H9: =F9/G9 -> 0.0034041275 | I9: 0.7 | J9: 0.62745098 | K9: 0.07 | L9: 0.159 | M9: 0.032 | N9: 0.068 | O9: 0 | P9: 0 | Q9: 100 | R9: 100 | S9: 100 | T9: 100 | U9: 1.2039728 | V9: 0.98738665 | W9: 0.072570693 | X9: 0.17316362 | Y9: 0.032523192 | Z9: 0.070422464
A10: 645 | B10: 52 | C10: 0 | D10: 0 | E10: =_xlfn.CONCAT(C10,D10) -> 00 | F10: 0.15326864 | G10: 37.009646 | H10: =F10/G10 -> 0.004141316 | I10: 0.52 | J10: 0.44067797 | K10: 0.16 | L10: 0.166 | M10: 0.088 | N10: 0.068 | O10: 0 | P10: 100 | Q10: 100 | R10: 100 | S10: 100 | T10: 100 | U10: 0.73396918 | V10: 0.58102988 | W10: 0.17435339 | X10: 0.18152188 | Y10: 0.092115289 | Z10: 0.070422464
A11: 389 | B11: 5 | C11: 0 | D11: 0 | E11: =_xlfn.CONCAT(C11,D11) -> 00 | F11: 0.12212023 | G11: 29.373795 | H11: =F11/G11 -> 0.0041574549 | I11: 0.563 | J11: 0.53703704 | K11: 0.02 | L11: 0.046 | M11: 0.017 | N11: 0.02 | O11: 0 | P11: 0 | Q11: 100 | R11: 100 | S11: 100 | T11: 100 | U11: 0.82782208 | V11: 0.77010822 | W11: 0.020202707 | X11: 0.047091608 | Y11: 0.017146159 | Z11: 0.020202707
A12: 193 | B12: 26 | C12: 0 | D12: 0 | E12: =_xlfn.CONCAT(C12,D12) -> 00 | F12: 0.0988525 | G12: 21.793214 | H12: =F12/G12 -> 0.0045359303 | I12: 0.625 | J12: 0.57407407 | K12: 0.053 | L12: 0.149 | M12: 0.04 | N12: 0.106 | O12: 0 | P12: 0 | Q12: 100 | R12: 100 | S12: 100 | T12: 100 | U12: 0.98082925 | V12: 0.85348983 | W12: 0.054456186 | X12: 0.16134315 | Y12: 0.040821995 | Z12: 0.1120495
A13: 757 | B13: 52 | C13: 0 | D13: 0 | E13: =_xlfn.CONCAT(C13,D13) -> 00 | F13: 0.1570685 | G13: 27.285491 | H13: =F13/G13 -> 0.0057564842 | I13: 0.734 | J13: 0.53846154 | K13: 0.067 | L13: 0.335 | M13: 0.023 | N13: 0.034 | O13: 0 | P13: 0 | Q13: 100 | R13: 100 | S13: 100 | T13: 100 | U13: 1.324259 | V13: 0.77318989 | W13: 0.069350078 | X13: 0.40796824 | Y13: 0.023268627 | Z13: 0.034591445
... A1001: 110 | B1001: 38 | C1001: 1 | D1001: 1 | E1001: =_xlfn.CONCAT(C1001,D1001) -> 11 | F1001: 18.806452 | G1001: 24.555869 | H1001: =F1001/G1001 -> 0.76586381 | I1001: 0.628 | J1001: 0.79166667 | K1001: 0.611 | L1001: 0.774 | M1001: 0.506 | N1001: 0.804 | O1001: 100 | P1001: 100 | Q1001: 100 | R1001: 100 | S1001: 100 | T1001: 100 | U1001: 0.46521511 | V1001: 0.23361485 | W1001: 0.49265832 | X1001: 0.25618341 | Y1001: 0.68121861 | Z1001: 0.21815601

Sheet DEP2.L
A1: trial | B1: taxon | C1: x | D1: y | E1: xy | F1: terminal | G1: height | H1: terminal.std | I1: p.bb | J1: p.nb | K1: p.ind.b | L1: p.dep.b | M1: p.ind.rj | N1: p.dep.rj | O1: c.bb | P1: c.nb | Q1: c.ind.b | R1: c.dep.b | S1: c.ind.rj | T1: c.dep.rj | U1: ll.bb | V1: ll.nb | W1: ll.ind.b | X1: ll.dep.b | Y1: ll.ind.rj | Z1: ll.dep.rj
A2: 651 | B2: 3 | C2: 0 | D2: 0 | E2: =_xlfn.CONCAT(C2,D2) -> 00 | F2: 0.01910717 | G2: 25.279355 | H2: =F2/G2 -> 0.0007558409 | I2: 0.585 | J2: 0.54444444 | K2: 0.003 | L2: 0 | M2: 0 | N2: 0 | O2: 0 | P2: 0 | Q2: 100 | R2: 100 | S2: 100 | T2: 100 | U2: 0.87947676 | V2: 0.7862376 | W2: 0.003004509 | X2: 1.000005e-05 | Y2: 1.000005e-05 | Z2: 1.000005e-05
A3: 727 | B3: 27 | C3: 0 | D3: 0 | E3: =_xlfn.CONCAT(C3,D3) -> 00 | F3: 0.033499527 | G3: 37.128421 | H3: =F3/G3 -> 0.00090226102 | I3: 0.343 | J3: 0.26506024 | K3: 0.002 | L3: 0 | M3: 0 | N3: 0 | O3: 100 | P3: 100 | Q3: 100 | R3: 100 | S3: 100 | T3: 100 | U3: 0.42007126 | V3: 0.30796674 | W3: 0.0020020027 | X3: 1.000005e-05 | Y3: 1.000005e-05 | Z3: 1.000005e-05
A4: 669 | B4: 42 | C4: 0 | D4: 0 | E4: =_xlfn.CONCAT(C4,D4) -> 00 | F4: 0.026706231 | G4: 27.886356 | H4: =F4/G4 -> 0.0009576809 | I4: 0.168 | J4: 0.1443299 | K4: 0 | L4: 0.001 | M4: 0.002 | N4: 0 | O4: 100 | P4: 100 | Q4: 100 | R4: 100 | S4: 100 | T4: 100 | U4: 0.18392284 | V4: 0.15587037 | W4: 1.000005e-05 | X4: 0.0010005003 | Y4: 0.0020020027 | Z4: 1.000005e-05
A5: 320 | B5: 25 | C5: 0 | D5: 0 | E5: =_xlfn.CONCAT(C5,D5) -> 00 | F5: 0.033795503 | G5: 32.000991 | H5: =F5/G5 -> 0.0010560768 | I5: 0.229 | J5: 0.21428571 | K5: 0.003 | L5: 0.004 | M5: 0.001 | N5: 0 | O5: 100 | P5: 100 | Q5: 100 | R5: 100 | S5: 100 | T5: 100 | U5: 0.26006691 | V5: 0.24116206 | W5: 0.003004509 | X5: 0.0040080214 | Y5: 0.0010005003 | Z5: 1.000005e-05
A6: 935 | B6: 85 | C6: 0 | D6: 0 | E6: =_xlfn.CONCAT(C6,D6) -> 00 | F6: 0.041386124 | G6: 34.703276 | H6: =F6/G6 -> 0.0011925711 | I6: 0.45 | J6: 0.35714286 | K6: 0.004 | L6: 0.006 | M6: 0.004 | N6: 0.003 | O6: 100 | P6: 100 | Q6: 100 | R6: 100 | S6: 100 | T6: 100 | U6: 0.597837 | V6: 0.44183275 | W6: 0.0040080214 | X6: 0.0060180723 | Y6: 0.0040080214 | Z6: 0.003004509
A7: 671 | B7: 66 | C7: 0 | D7: 0 | E7: =_xlfn.CONCAT(C7,D7) -> 00 | F7: 0.036768123 | G7: 29.937776 | H7: =F7/G7 -> 0.0012281514 | I7: 0.288 | J7: 0.20224719 | K7: 0 | L7: 0.002 | M7: 0 | N7: 0.004 | O7: 100 | P7: 100 | Q7: 100 | R7: 100 | S7: 100 | T7: 100 | U7: 0.33967737 | V7: 0.22595649 | W7: 1.000005e-05 | X7: 0.0020020027 | Y7: 1.000005e-05 | Z7: 0.0040080214
A8: 949 | B8: 90 | C8: 0 | D8: 0 | E8: =_xlfn.CONCAT(C8,D8) -> 00 | F8: 0.048050649 | G8: 27.865624 | H8: =F8/G8 -> 0.0017243701 | I8: 0.478 | J8: 0.47727273 | K8: 0.001 | L8: 0.001 | M8: 0.001 | N8: 0.003 | O8: 100 | P8: 100 | Q8: 100 | R8: 100 | S8: 100 | T8: 100 | U8: 0.65008769 | V8: 0.64869542 | W8: 0.0010005003 | X8: 0.0010005003 | Y8: 0.0010005003 | Z8: 0.003004509
A9: 497 | B9: 29 | C9: 0 | D9: 0 | E9: =_xlfn.CONCAT(C9,D9) -> 00 | F9: 0.083462817 | G9: 35.132475 | H9: =F9/G9 -> 0.00237566 | I9: 0.466 | J9: 0.37662338 | K9: 0.007 | L9: 0.012 | M9: 0.003 | N9: 0.002 | O9: 100 | P9: 100 | Q9: 100 | R9: 100 | S9: 100 | T9: 100 | U9: 0.62735944 | V9: 0.47260441 | W9: 0.0070246149 | X9: 0.012072581 | Y9: 0.003004509 | Z9: 0.0020020027
A10: 541 | B10: 6 | C10: 0 | D10: 0 | E10: =_xlfn.CONCAT(C10,D10) -> 00 | F10: 0.09724063 | G10: 34.873784 | H10: =F10/G10 -> 0.002788359 | I10: 0.34 | J10: 0.33673469 | K10: 0.004 | L10: 0.006 | M10: 0.006 | N10: 0.005 | O10: 100 | P10: 100 | Q10: 100 | R10: 100 | S10: 100 | T10: 100 | U10: 0.41551544 | V10: 0.41058021 | W10: 0.0040080214 | X10: 0.0060180723 | Y10: 0.0060180723 | Z10: 0.0050125418
A11: 321 | B11: 92 | C11: 0 | D11: 0 | E11: =_xlfn.CONCAT(C11,D11) -> 00 | F11: 0.081720928 | G11: 28.719727 | H11: =F11/G11 -> 0.0028454632 | I11: 0.504 | J11: 0.43902439 | K11: 0.009 | L11: 0.003 | M11: 0.014 | N11: 0.006 | O11: 0 | P11: 100 | Q11: 100 | R11: 100 | S11: 100 | T11: 100 | U11: 0.70117935 | V11: 0.57807785 | W11: 0.0090407447 | X11: 0.003004509 | Y11: 0.014098924 | Z11: 0.0060180723
A12: 887 | B12: 33 | C12: 0 | D12: 0 | E12: =_xlfn.CONCAT(C12,D12) -> 00 | F12: 0.11954833 | G12: 39.769362 | H12: =F12/G12 -> 0.0030060408 | I12: 0.61 | J12: 0.54878049 | K12: 0.004 | L12: 0.009 | M12: 0.005 | N12: 0.004 | O12: 0 | P12: 0 | Q12: 100 | R12: 100 | S12: 100 | T12: 100 | U12: 0.94160854 | V12: 0.79580133 | W12: 0.0040080214 | X12: 0.0090407447 | Y12: 0.0050125418 | Z12: 0.0040080214
A13: 919 | B13: 40 | C13: 0 | D13: 0 | E13: =_xlfn.CONCAT(C13,D13) -> 00 | F13: 0.091074833 | G13: 27.55346 | H13: =F13/G13 -> 0.0033053865 | I13: 0.54 | J13: 0.5 | K13: 0.005 | L13: 0.006 | M13: 0.003 | N13: 0.001 | O13: 0 | P13: 0 | Q13: 100 | R13: 100 | S13: 100 | T13: 100 | U13: 0.77652879 | V13: 0.69314718 | W13: 0.0050125418 | X13: 0.0060180723 | Y13: 0.003004509 | Z13: 0.0010005003
... A1001: 458 | B1001: 87 | C1001: 1 | D1001: 1 | E1001: =_xlfn.CONCAT(C1001,D1001) -> 11 | F1001: 26.82235 | G1001: 32.051681 | H1001: =F1001/G1001 -> 0.83684689 | I1001: 0.505 | J1001: 1 | K1001: 0.489 | L1001: 0.924 | M1001: 0.506 | N1001: 0.902 | O1001: 100 | P1001: 100 | Q1001: 0 | R1001: 100 | S1001: 100 | T1001: 100 | U1001: 0.68319685 | V1001: 1.000005e-05 | W1001: 0.71539279 | X1001: 0.079043207 | Y1001: 0.68121861 | Z1001: 0.10314076

Sheet DEP2.M
A1: trial | B1: taxon | C1: x | D1: y | E1: xy | F1: terminal | G1: height | H1: terminal.std | I1: p.bb | J1: p.nb | K1: p.ind.b | L1: p.dep.b | M1: p.ind.rj | N1: p.dep.rj | O1: c.bb | P1: c.nb | Q1: c.ind.b | R1: c.dep.b | S1: c.ind.rj | T1: c.dep.rj | U1: ll.bb | V1: ll.nb | W1: ll.ind.b | X1: ll.dep.b | Y1: ll.ind.rj | Z1: ll.dep.rj
A2: 919 | B2: 80 | C2: 0 | D2: 0 | E2: =_xlfn.CONCAT(C2,D2) -> 00 | F2: 0.0031021853 | G2: 27.55346 | H2: =F2/G2 -> 0.00011258787 | I2: 0.42 | J2: 0.3373494 | K2: 0 | L2: 0 | M2: 0.001 | N2: 0 | O2: 100 | P2: 100 | Q2: 100 | R2: 100 | S2: 100 | T2: 100 | U2: 0.54472718 | V2: 0.41150742 | W2: 1.000005e-05 | X2: 1.000005e-05 | Y2: 0.0010005003 | Z2: 1.000005e-05
A3: 445 | B3: 11 | C3: 0 | D3: 0 | E3: =_xlfn.CONCAT(C3,D3) -> 00 | F3: 0.0048925343 | G3: 34.302413 | H3: =F3/G3 -> 0.00014262945 | I3: 0.654 | J3: 0.57575758 | K3: 0.004 | L3: 0.005 | M3: 0.002 | N3: 0.003 | O3: 0 | P3: 0 | Q3: 100 | R3: 100 | S3: 100 | T3: 100 | U3: 1.0613165 | V3: 0.85745023 | W3: 0.0040080214 | X3: 0.0050125418 | Y3: 0.0020020027 | Z3: 0.003004509
A4: 73 | B4: 48 | C4: 0 | D4: 0 | E4: =_xlfn.CONCAT(C4,D4) -> 00 | F4: 0.027397555 | G4: 49.855361 | H4: =F4/G4 -> 0.0005495408 | I4: 0.534 | J4: 0.34848485 | K4: 0.003 | L4: 0.003 | M4: 0 | N4: 0.002 | O4: 0 | P4: 100 | Q4: 100 | R4: 100 | S4: 100 | T4: 100 | U4: 0.76356964 | V4: 0.42845463 | W4: 0.003004509 | X4: 0.003004509 | Y4: 1.000005e-05 | Z4: 0.0020020027
A5: 667 | B5: 65 | C5: 0 | D5: 0 | E5: =_xlfn.CONCAT(C5,D5) -> 00 | F5: 0.022554673 | G5: 26.938833 | H5: =F5/G5 -> 0.00083725503 | I5: 0.564 | J5: 0.47297297 | K5: 0.003 | L5: 0.002 | M5: 0 | N5: 0.003 | O5: 0 | P5: 100 | Q5: 100 | R5: 100 | S5: 100 | T5: 100 | U5: 0.83011304 | V5: 0.64050345 | W5: 0.003004509 | X5: 0.0020020027 | Y5: 1.000005e-05 | Z5: 0.003004509
A6: 447 | B6: 94 | C6: 0 | D6: 0 | E6: =_xlfn.CONCAT(C6,D6) -> 00 | F6: 0.051553625 | G6: 29.800364 | H6: =F6/G6 -> 0.0017299663 | I6: 0.72 | J6: 0.54385965 | K6: 0.018 | L6: 0.029 | M6: 0.009 | N6: 0.009 | O6: 0 | P6: 0 | Q6: 100 | R6: 100 | S6: 100 | T6: 100 | U6: 1.2729657 | V6: 0.78495473 | W6: 0.018163971 | X6: 0.029428811 | Y6: 0.0090407447 | Z6: 0.0090407447
A7: 623 | B7: 9 | C7: 0 | D7: 0 | E7: =_xlfn.CONCAT(C7,D7) -> 00 | F7: 0.089712098 | G7: 35.139309 | H7: =F7/G7 -> 0.002553041 | I7: 0.651 | J7: 0.39215686 | K7: 0.029 | L7: 0.013 | M7: 0.024 | N7: 0.032 | O7: 0 | P7: 100 | Q7: 100 | R7: 100 | S7: 100 | T7: 100 | U7: 1.0526834 | V7: 0.49783843 | W7: 0.029428811 | X7: 0.01308524 | Y7: 0.024292693 | Z7: 0.032523192
A8: 799 | B8: 47 | C8: 0 | D8: 0 | E8: =_xlfn.CONCAT(C8,D8) -> 00 | F8: 0.096958433 | G8: 31.638242 | H8: =F8/G8 -> 0.0030645961 | I8: 0.669 | J8: 0.52380952 | K8: 0.004 | L8: 0.005 | M8: 0.005 | N8: 0.006 | O8: 0 | P8: 0 | Q8: 100 | R8: 100 | S8: 100 | T8: 100 | U8: 1.1056369 | V8: 0.74193734 | W8: 0.0040080214 | X8: 0.0050125418 | Y8: 0.0050125418 | Z8: 0.0060180723
A9: 997 | B9: 87 | C9: 0 | D9: 0 | E9: =_xlfn.CONCAT(C9,D9) -> 00 | F9: 0.095053234 | G9: 24.734095 | H9: =F9/G9 -> 0.0038430043 | I9: 0.638 | J9: 0.53191489 | K9: 0.948 | L9: 0.939 | M9: 0.953 | N9: 0.952 | O9: 0 | P9: 0 | Q9: 0 | R9: 0 | S9: 0 | T9: 0 | U9: 1.0161111 | V9: 0.75910515 | W9: 2.9565116 | X9: 2.7968814 | Y9: 3.0576077 | Z9: 3.0365543
A10: 913 | B10: 51 | C10: 0 | D10: 0 | E10: =_xlfn.CONCAT(C10,D10) -> 00 | F10: 0.15132863 | G10: 31.539988 | H10: =F10/G10 -> 0.0047979926 | I10: 0.464 | J10: 0.35 | K10: 0.01 | L10: 0.006 | M10: 0.013 | N10: 0.014 | O10: 100 | P10: 100 | Q10: 100 | R10: 100 | S10: 100 | T10: 100 | U10: 0.62362112 | V10: 0.43078292 | W10: 0.010050336 | X10: 0.0060180723 | Y10: 0.01308524 | Z10: 0.014098924
A11: 881 | B11: 99 | C11: 0 | D11: 0 | E11: =_xlfn.CONCAT(C11,D11) -> 00 | F11: 0.14822475 | G11: 24.938688 | H11: =F11/G11 -> 0.0059435665 | I11: 0.426 | J11: 0.26760563 | K11: 0.003 | L11: 0.005 | M11: 0.003 | N11: 0.003 | O11: 100 | P11: 100 | Q11: 100 | R11: 100 | S11: 100 | T11: 100 | U11: 0.55512588 | V11: 0.31143616 | W11: 0.003004509 | X11: 0.0050125418 | Y11: 0.003004509 | Z11: 0.003004509
A12: 225 | B12: 50 | C12: 0 | D12: 0 | E12: =_xlfn.CONCAT(C12,D12) -> 00 | F12: 0.17153719 | G12: 27.417077 | H12: =F12/G12 -> 0.0062565818 | I12: 0.571 | J12: 0.45833333 | K12: 0.026 | L12: 0.034 | M12: 0.014 | N12: 0.032 | O12: 0 | P12: 100 | Q12: 100 | R12: 100 | S12: 100 | T12: 100 | U12: 0.84629836 | V12: 0.61310447 | W12: 0.026343975 | X12: 0.034591445 | Y12: 0.014098924 | Z12: 0.032523192
A13: 219 | B13: 95 | C13: 0 | D13: 0 | E13: =_xlfn.CONCAT(C13,D13) -> 00 | F13: 0.18063823 | G13: 28.39985 | H13: =F13/G13 -> 0.0063605348 | I13: 0.461 | J13: 0.32051282 | K13: 0.009 | L13: 0.006 | M13: 0.011 | N13: 0.001 | O13: 100 | P13: 100 | Q13: 100 | R13: 100 | S13: 100 | T13: 100 | U13: 0.61803971 | V13: 0.38641691 | W13: 0.0090407447 | X13: 0.0060180723 | Y13: 0.011060947 | Z13: 0.0010005003
... A1001: 264 | B1001: 2 | C1001: 1 | D1001: 1 | E1001: =_xlfn.CONCAT(C1001,D1001) -> 11 | F1001: 21.89199 | G1001: 25.568813 | H1001: =F1001/G1001 -> 0.8561989 | I1001: 0.637 | J1001: 0.97058824 | K1001: 0.512 | L1001: 0.956 | M1001: 0.538 | N1001: 0.896 | O1001: 100 | P1001: 100 | Q1001: 100 | R1001: 100 | S1001: 100 | T1001: 100 | U1001: 0.45098562 | V1001: 0.029852963 | W1001: 0.66943065 | X1001: 0.044997366 | Y1001: 0.61989672 | Z1001: 0.10981487

Sheet DEP2.H
A1: trial | B1: taxon | C1: x | D1: y | E1: xy | F1: terminal | G1: height | H1: terminal.std | I1: p.bb | J1: p.nb | K1: p.ind.b | L1: p.dep.b | M1: p.ind.rj | N1: p.dep.rj | O1: c.bb | P1: c.nb | Q1: c.ind.b | R1: c.dep.b | S1: c.ind.rj | T1: c.dep.rj | U1: ll.bb | V1: ll.nb | W1: ll.ind.b | X1: ll.dep.b | Y1: ll.ind.rj | Z1: ll.dep.rj
A2: 875 | B2: 53 | C2: 0 | D2: 0 | E2: =_xlfn.CONCAT(C2,D2) -> 00 | F2: 0.0096674314 | G2: 28.421954 | H2: =F2/G2 -> 0.00034013957 | I2: 0.735 | J2: 0.56666667 | K2: 0 | L2: 0.004 | M2: 0 | N2: 0.003 | O2: 0 | P2: 0 | Q2: 100 | R2: 100 | S2: 100 | T2: 100 | U2: 1.3280255 | V2: 0.83624802 | W2: 1.000005e-05 | X2: 0.0040080214 | Y2: 1.000005e-05 | Z2: 0.003004509
A3: 639 | B3: 76 | C3: 0 | D3: 0 | E3: =_xlfn.CONCAT(C3,D3) -> 00 | F3: 0.052536273 | G3: 31.49043 | H3: =F3/G3 -> 0.0016683251 | I3: 0.662 | J3: 0.50877193 | K3: 0.024 | L3: 0.067 | M3: 0.017 | N3: 0.017 | O3: 0 | P3: 0 | Q3: 100 | R3: 100 | S3: 100 | T3: 100 | U3: 1.0847094 | V3: 0.71084676 | W3: 0.024292693 | X3: 0.069350078 | Y3: 0.017146159 | Z3: 0.017146159
A4: 357 | B4: 81 | C4: 0 | D4: 0 | E4: =_xlfn.CONCAT(C4,D4) -> 00 | F4: 0.075635665 | G4: 29.70223 | H4: =F4/G4 -> 0.0025464642 | I4: 0.672 | J4: 0.5 | K4: 0.051 | L4: 0.071 | M4: 0.033 | N4: 0.035 | O4: 0 | P4: 0 | Q4: 100 | R4: 100 | S4: 100 | T4: 100 | U4: 1.1147417 | V4: 0.69314718 | W4: 0.05234648 | X4: 0.07364654 | Y4: 0.033556784 | Z4: 0.035627178
A5: 697 | B5: 82 | C5: 0 | D5: 0 | E5: =_xlfn.CONCAT(C5,D5) -> 00 | F5: 0.13742376 | G5: 27.357649 | H5: =F5/G5 -> 0.0050232296 | I5: 0.661 | J5: 0.51515152 | K5: 0.032 | L5: 0.031 | M5: 0.017 | N5: 0.027 | O5: 0 | P5: 0 | Q5: 100 | R5: 100 | S5: 100 | T5: 100 | U5: 1.0817552 | V5: 0.72391884 | W5: 0.032523192 | X5: 0.031490667 | Y5: 0.017146159 | Z5: 0.027371197
A6: 941 | B6: 57 | C6: 0 | D6: 0 | E6: =_xlfn.CONCAT(C6,D6) -> 00 | F6: 0.14192558 | G6: 26.248917 | H6: =F6/G6 -> 0.005406912 | I6: 0.671 | J6: 0.42307692 | K6: 0.036 | L6: 0.251 | M6: 0.011 | N6: 0.043 | O6: 0 | P6: 100 | Q6: 100 | R6: 100 | S6: 100 | T6: 100 | U6: 1.1116975 | V6: 0.55004634 | W6: 0.036663984 | X6: 0.2890163 | Y6: 0.011060947 | Z6: 0.043951888
A7: 891 | B7: 79 | C7: 0 | D7: 0 | E7: =_xlfn.CONCAT(C7,D7) -> 00 | F7: 0.16643706 | G7: 30.11437 | H7: =F7/G7 -> 0.0055268319 | I7: 0.677 | J7: 0.44230769 | K7: 0.184 | L7: 0.287 | M7: 0.077 | N7: 0.286 | O7: 0 | P7: 100 | Q7: 100 | R7: 100 | S7: 100 | T7: 100 | U7: 1.130103 | V7: 0.58394789 | W7: 0.20334092 | X7: 0.33827386 | Y7: 0.080126044 | Z7: 0.33687232
A8: 813 | B8: 54 | C8: 0 | D8: 0 | E8: =_xlfn.CONCAT(C8,D8) -> 00 | F8: 0.19457552 | G8: 34.689662 | H8: =F8/G8 -> 0.0056090347 | I8: 0.704 | J8: 0.59090909 | K8: 0.446 | L8: 0.408 | M8: 0.42 | N8: 0.405 | O8: 0 | P8: 0 | Q8: 100 | R8: 100 | S8: 100 | T8: 100 | U8: 1.2173958 | V8: 0.89381788 | W8: 0.59059059 | X8: 0.52424864 | Y8: 0.54472718 | Z8: 0.51919387
A9: 637 | B9: 57 | C9: 0 | D9: 0 | E9: =_xlfn.CONCAT(C9,D9) -> 00 | F9: 0.13461149 | G9: 23.50285 | H9: =F9/G9 -> 0.0057274539 | I9: 0.748 | J9: 0.65454545 | K9: 0.031 | L9: 0.05 | M9: 0.014 | N9: 0.021 | O9: 0 | P9: 0 | Q9: 100 | R9: 100 | S9: 100 | T9: 100 | U9: 1.3783262 | V9: 1.0628942 | W9: 0.031490667 | X9: 0.051293294 | Y9: 0.014098924 | Z9: 0.021223636
A10: 323 | B10: 48 | C10: 0 | D10: 0 | E10: =_xlfn.CONCAT(C10,D10) -> 00 | F10: 0.1790657 | G10: 30.125664 | H10: =F10/G10 -> 0.0059439586 | I10: 0.637 | J10: 0.45901639 | K10: 0.045 | L10: 0.1 | M10: 0.019 | N10: 0.072 | O10: 0 | P10: 100 | Q10: 100 | R10: 100 | S10: 100 | T10: 100 | U10: 1.0133524 | V10: 0.6143663 | W10: 0.046043939 | X10: 0.10536052 | Y10: 0.019182819 | Z10: 0.074723546
A11: 365 | B11: 83 | C11: 0 | D11: 0 | E11: =_xlfn.CONCAT(C11,D11) -> 00 | F11: 0.20593975 | G11: 33.958244 | H11: =F11/G11 -> 0.0060644995 | I11: 0.738 | J11: 0.65671642 | K11: 0.429 | L11: 0.424 | M11: 0.119 | N11: 0.079 | O11: 0 | P11: 0 | Q11: 100 | R11: 100 | S11: 100 | T11: 100 | U11: 1.3394108 | V11: 1.0691984 | W11: 0.56036607 | X11: 0.55164762 | Y11: 0.12669765 | Z11: 0.082295243
A12: 539 | B12: 12 | C12: 0 | D12: 0 | E12: =_xlfn.CONCAT(C12,D12) -> 00 | F12: 0.22252603 | G12: 30.57068 | H12: =F12/G12 -> 0.0072790671 | I12: 0.683 | J12: 0.5 | K12: 0.314 | L12: 0.231 | M12: 0.146 | N12: 0.13 | O12: 0 | P12: 0 | Q12: 100 | R12: 100 | S12: 100 | T12: 100 | U12: 1.1488535 | V12: 0.69314718 | W12: 0.37687765 | X12: 0.26266431 | Y12: 0.15782409 | Z12: 0.13926207
A13: 313 | B13: 44 | C13: 0 | D13: 0 | E13: =_xlfn.CONCAT(C13,D13) -> 00 | F13: 0.29477851 | G13: 39.497567 | H13: =F13/G13 -> 0.0074632069 | I13: 0.642 | J13: 0.51428571 | K13: 0.063 | L13: 0.091 | M13: 0.046 | N13: 0.058 | O13: 0 | P13: 0 | Q13: 100 | R13: 100 | S13: 100 | T13: 100 | U13: 1.0272223 | V13: 0.72213472 | W13: 0.065071997 | X13: 0.095410185 | Y13: 0.047091608 | Z13: 0.059750004
... A1001: 624 | B1001: 41 | C1001: 1 | D1001: 1 | E1001: =_xlfn.CONCAT(C1001,D1001) -> 11 | F1001: 14.731412 | G1001: 19.411228 | H1001: =F1001/G1001 -> 0.75891194 | I1001: 0.608 | J1001: 1 | K1001: 0.604 | L1001: 0.975 | M1001: 0.513 | N1001: 0.995 | O1001: 100 | P1001: 100 | Q1001: 100 | R1001: 100 | S1001: 100 | T1001: 100 | U1001: 0.4975804 | V1001: 1.000005e-05 | W1001: 0.50418108 | X1001: 0.025317808 | Y1001: 0.66747943 | Z1001: 0.0050125418

Sheet random
A1: trial | B1: taxon | C1: x | D1: y | E1: xy | F1: terminal | G1: height | H1: terminal.std | I1: p.bb | J1: p.nb | K1: p.ind.b | L1: p.dep.b | M1: p.ind.rj | N1: p.dep.rj | O1: c.bb | P1: c.nb | Q1: c.ind.b | R1: c.dep.b | S1: c.ind.rj | T1: c.dep.rj | U1: ll.bb | V1: ll.nb | W1: ll.ind.b | X1: ll.dep.b | Y1: ll.ind.rj | Z1: ll.dep.rj
A2: 23 | B2: 9 | C2: 0 | D2: 0 | E2: =_xlfn.CONCAT(C2,D2) -> 00 | F2: 0.0046231013 | G2: 24.409771 | H2: =F2/G2 -> 0.00018939552 | I2: 0.431 | J2: 0.43396226 | K2: 0.022 | L2: 0.012 | M2: 0.07 | N2: 0.04 | O2: 100 | P2: 100 | Q2: 100 | R2: 100 | S2: 100 | T2: 100 | U2: 0.56387484 | V2: 0.56909453 | W2: 0.022245609 | X2: 0.012072581 | Y2: 0.072570693 | Z2: 0.040821995
A3: 591 | B3: 28 | C3: 0 | D3: 0 | E3: =_xlfn.CONCAT(C3,D3) -> 00 | F3: 0.0069477835 | G3: 31.391466 | H3: =F3/G3 -> 0.00022132714 | I3: 0.506 | J3: 0.60869565 | K3: 0.957 | L3: 0.976 | M3: 0.856 | N3: 0.965 | O3: 0 | P3: 0 | Q3: 0 | R3: 0 | S3: 0 | T3: 0 | U3: 0.70521976 | V3: 0.93826964 | W3: 3.1465552 | X3: 3.7297014 | Y3: 1.937942 | Z3: 3.3524072
A4: 623 | B4: 90 | C4: 0 | D4: 0 | E4: =_xlfn.CONCAT(C4,D4) -> 00 | F4: 0.02034654 | G4: 35.139309 | H4: =F4/G4 -> 0.00057902505 | I4: 0.454 | J4: 0.41509434 | K4: 0.099 | L4: 0.082 | M4: 0.196 | N4: 0.147 | O4: 100 | P4: 100 | Q4: 100 | R4: 100 | S4: 100 | T4: 100 | U4: 0.6051363 | V4: 0.53630471 | W4: 0.10425002 | X4: 0.085557888 | Y4: 0.21815601 | Z4: 0.15899573
A5: 237 | B5: 48 | C5: 0 | D5: 0 | E5: =_xlfn.CONCAT(C5,D5) -> 00 | F5: 0.019750211 | G5: 29.556076 | H5: =F5/G5 -> 0.00066822844 | I5: 0.61 | J5: 0.54347826 | K5: 0.182 | L5: 0.099 | M5: 0.331 | N5: 0.245 | O5: 0 | P5: 0 | Q5: 100 | R5: 100 | S5: 100 | T5: 100 | U5: 0.94160854 | V5: 0.78411896 | W5: 0.20089294 | X5: 0.10425002 | Y5: 0.40197122 | Z5: 0.28103753
A6: 929 | B6: 19 | C6: 0 | D6: 0 | E6: =_xlfn.CONCAT(C6,D6) -> 00 | F6: 0.026245719 | G6: 25.10351 | H6: =F6/G6 -> 0.0010455 | I6: 0.521 | J6: 0.53488372 | K6: 0.063 | L6: 0.066 | M6: 0.206 | N6: 0.117 | O6: 0 | P6: 0 | Q6: 100 | R6: 100 | S6: 100 | T6: 100 | U6: 0.73605468 | V6: 0.76546784 | W6: 0.065071997 | X6: 0.068278841 | Y6: 0.23067182 | Z6: 0.12443008
A7: 679 | B7: 98 | C7: 0 | D7: 0 | E7: =_xlfn.CONCAT(C7,D7) -> 00 | F7: 0.053084141 | G7: 34.996073 | H7: =F7/G7 -> 0.0015168599 | I7: 0.644 | J7: 0.62962963 | K7: 0.814 | L7: 0.819 | M7: 0.66 | N7: 0.677 | O7: 0 | P7: 0 | Q7: 0 | R7: 0 | S7: 0 | T7: 0 | U7: 1.0328245 | V7: 0.99325177 | W7: 1.6820086 | X7: 1.7092582 | Y7: 1.0788097 | Z7: 1.130103
A8: 701 | B8: 53 | C8: 0 | D8: 0 | E8: =_xlfn.CONCAT(C8,D8) -> 00 | F8: 0.068455575 | G8: 40.056702 | H8: =F8/G8 -> 0.0017089669 | I8: 0.52 | J8: 0.59090909 | K8: 0.153 | L8: 0.184 | M8: 0.273 | N8: 0.226 | O8: 0 | P8: 0 | Q8: 100 | R8: 100 | S8: 100 | T8: 100 | U8: 0.73396918 | V8: 0.89381788 | W8: 0.16605458 | X8: 0.20334092 | Y8: 0.3188288 | Z8: 0.25618341
A9: 331 | B9: 70 | C9: 0 | D9: 0 | E9: =_xlfn.CONCAT(C9,D9) -> 00 | F9: 0.096630511 | G9: 34.338533 | H9: =F9/G9 -> 0.0028140548 | I9: 0.408 | J9: 0.46153846 | K9: 0.632 | L9: 0.551 | M9: 0.548 | N9: 0.471 | O9: 100 | P9: 100 | Q9: 0 | R9: 0 | S9: 0 | T9: 100 | U9: 0.52424864 | V9: 0.61903921 | W9: 0.99967234 | X9: 0.80073239 | Y9: 0.7940731 | Z9: 0.63676685
A10: 215 | B10: 67 | C10: 0 | D10: 0 | E10: =_xlfn.CONCAT(C10,D10) -> 00 | F10: 0.072351671 | G10: 25.563173 | H10: =F10/G10 -> 0.0028303087 | I10: 0.45 | J10: 0.46938776 | K10: 0.318 | L10: 0.275 | M10: 0.48 | N10: 0.453 | O10: 100 | P10: 100 | Q10: 100 | R10: 100 | S10: 100 | T10: 100 | U10: 0.597837 | V10: 0.63372376 | W10: 0.38272562 | X10: 0.32158362 | Y10: 0.65392647 | Z10: 0.60330648
A11: 453 | B11: 62 | C11: 0 | D11: 0 | E11: =_xlfn.CONCAT(C11,D11) -> 00 | F11: 0.089854369 | G11: 29.043108 | H11: =F11/G11 -> 0.0030938277 | I11: 0.553 | J11: 0.52 | K11: 0.291 | L11: 0.29 | M11: 0.404 | N11: 0.328 | O11: 0 | P11: 0 | Q11: 100 | R11: 100 | S11: 100 | T11: 100 | U11: 0.80519668 | V11: 0.73396918 | W11: 0.34389975 | X11: 0.34249031 | Y11: 0.51751461 | Z11: 0.39749694
A12: 997 | B12: 87 | C12: 0 | D12: 0 | E12: =_xlfn.CONCAT(C12,D12) -> 00 | F12: 0.095053234 | G12: 24.734095 | H12: =F12/G12 -> 0.0038430043 | I12: 0.543 | J12: 0.54 | K12: 0.26 | L12: 0.266 | M12: 0.217 | N12: 0.044 | O12: 0 | P12: 0 | Q12: 100 | R12: 100 | S12: 100 | T12: 100 | U12: 0.78307189 | V12: 0.77652879 | W12: 0.30110509 | X12: 0.30924625 | Y12: 0.24462258 | Z12: 0.044997366
A13: 821 | B13: 2 | C13: 0 | D13: 0 | E13: =_xlfn.CONCAT(C13,D13) -> 00 | F13: 0.12710773 | G13: 27.883493 | H13: =F13/G13 -> 0.0045585296 | I13: 0.441 | J13: 0.45454545 | K13: 0.237 | L13: 0.276 | M13: 0.399 | N13: 0.338 | O13: 100 | P13: 100 | Q13: 100 | R13: 100 | S13: 100 | T13: 100 | U13: 0.58160581 | V13: 0.6061358 | W13: 0.27049725 | X13: 0.32296389 | Y13: 0.50916034 | Z13: 0.41248972
... A1001: 88 | B1001: 38 | C1001: 1 | D1001: 1 | E1001: =_xlfn.CONCAT(C1001,D1001) -> 11 | F1001: 17.240586 | G1001: 24.788062 | H1001: =F1001/G1001 -> 0.69551973 | I1001: 0.525 | J1001: 0.45833333 | K1001: 0.517 | L1001: 0.463 | M1001: 0.493 | N1001: 0.511 | O1001: 100 | P1001: 0 | Q1001: 100 | R1001: 0 | S1001: 0 | T1001: 100 | U1001: 0.64435702 | V1001: 0.78015856 | W1001: 0.6597124 | X1001: 0.77002822 | Y1001: 0.7072461 | Z1001: 0.67138569
